,SrNo,File_Name,Title,PO_Number,Original_For_Recipient,Tax_Invoice_Number,Consignor,Consignor_GST_No,Consignor_State_Code,Consignor_State_Name,HSN/SAC,Consignee,Consignee_GST_No,Consignee_State_Code,Consignee_State_Name,Vehicle_Number,RCM_Status,Remarks
1,1,0.pdf,Available,OGSP/74000-48615/RR,,JIT/07/23-24,,27AALFI3318B1ZN,,,,,27AAACL0140PEZ6,,,,,
2,2,1.pdf,,,,SS/2023-24/B1,,27AAMCS2859Q1ZC,,,,,,,,,,
3,3,10.pdf,,,,,,,,,,,,,,,,
4,4,100.pdf,,,,,,,,,,,,,,,,
5,5,101.pdf,,,,,,,,,,,,,,,,
6,6,102.pdf,,,,,,,,,,,,,,,,
7,7,103.pdf,Available,,,,,27AAHCA0785E1ZR,,,,,24AAACL0140PDZD,,,,,
8,8,104.pdf,,,,,,,,,,,,,,,,
9,9,105.pdf,,,,,,,,,,,,,,,,
10,10,106.pdf,,,,,,,,,,,,,,,,
11,11,107.pdf,,,,,,24RAACL0I4EPDZD,,,,,,,,,,
12,12,108.pdf,,,,,,,,,,,,,,,,
13,13,109.pdf,,,,,,,,,,,,,,,,
14,14,11.pdf,,,,,,,,,,,,,,,,
15,15,110.pdf,,,,,,24ARACL0I40PDZD,,,,,,,,,,
16,16,111.pdf,,,,,,,,,,,,,,,,
17,17,112.pdf,,,,,,,,,,,,,,,,
18,18,113.pdf,Available,,,,,,,,,,,,,,,
19,19,114.pdf,,,,,,,,,,,,,,,,
20,20,115.pdf,,,,,,,,,,,,,,,,
21,21,116.pdf,Available,,,,,,,,,,27AAACL0140PEZ6,,,,,
22,22,117.pdf,Available,,,,,27AAAFE9163G1ZE,,,,,24AAACL0140PDZD,,,,,
23,23,118.pdf,Available,"OGSP/7800017657/2
G",,,,24A4ACL0140PDZD,,,,,24AAACL0140PDZD,,,,,
24,24,119.pdf,,,,,,27AAKCAIS42R1Z5,,,,,24AAACL0140PDZD,,,,,
25,25,12.pdf,,,,,,,,,,,,,,,,
26,26,120.pdf,Available,,,IF6012324/015370,,,,,,,,,,,,
27,27,121.pdf,Available,,,,,27AABCF2133M1ZP,,,,,,,,,,
28,28,122.pdf,Available,,,1446/23-24,,27ADUPM0382L1ZX,,,,,,,,,,
29,29,123.pdf,Available,,,1446/23-24,,27ADUPM0382L1ZX,,,,,,,,,,
30,30,124.pdf,Available,,,,,27AABCF2133M1ZP,,,,,,,,,,
31,31,125.pdf,,OGSP/ 74000 - 53125,,1314/ITOENGG,,27AAFCI5777E1ZB,,,,,24AAACL0140PDZD,,,,,
32,32,126.pdf,Available,,,,,24AAACG7917K1ZH,,,,,,,,,,
33,33,127.pdf,Available,,,,,24AAACG7917K1ZH,,,,,,,,,,
34,34,128.pdf,,,,,,27AAKCALS42R1Z5,,,,,24AAACL0140PDZD,,,,,
35,35,129.pdf,Available,,,IF6012324/015400,,,,,,,,,,,,
36,36,13.pdf,,,,,,,,,,,,,,,,
37,37,130.pdf,Available,OGSP/79000-08408/HD,,,,274AKCAIB4IRIZS,,,,,24AAACL0140PDZD,,,,,
38,38,130.pdf,Available,OGSP/79000-08408/HD,,,,274AKCAIB4IRIZS,,,,,24AAACL0140PDZD,,,,,
39,39,130.pdf,Available,OGSP/79000-08408/HD,,,,274AKCAIB4IRIZS,,,,,24AAACL0140PDZD,,,,,
40,40,130.pdf,Available,OGSP/79000-08408/HD,,,,274AKCAIB4IRIZS,,,,,24AAACL0140PDZD,,,,,
41,41,130.pdf,Available,OGSP/79000-08408/HD,,,,274AKCAIB4IRIZS,,,,,24AAACL0140PDZD,,,,,
42,42,130.pdf,Available,OGSP/79000-08408/HD,,,,274AKCAIB4IRIZS,,,,,24AAACL0140PDZD,,,,,
43,43,130.pdf,Available,OGSP/79000-08408/HD,,,,274AKCAIB4IRIZS,,,,,24AAACL0140PDZD,,,,,
44,44,130.pdf,Available,OGSP/79000-08408/HD,,,,274AKCAIB4IRIZS,,,,,24AAACL0140PDZD,,,,,
45,45,130.pdf,Available,OGSP/79000-08408/HD,,,,274AKCAIB4IRIZS,,,,,24AAACL0140PDZD,,,,,
46,46,130.pdf,Available,OGSP/79000-08408/HD,,,,274AKCAIB4IRIZS,,,,,24AAACL0140PDZD,,,,,
47,47,130.pdf,Available,OGSP/79000-08408/HD,,,,274AKCAIB4IRIZS,,,,,24AAACL0140PDZD,,,,,
48,48,130.pdf,Available,OGSP/79000-08408/HD,,,,274AKCAIB4IRIZS,,,,,24AAACL0140PDZD,,,,,
49,49,130.pdf,Available,OGSP/79000-08408/HD,,,,274AKCAIB4IRIZS,,,,,24AAACL0140PDZD,,,,,
50,50,130.pdf,Available,OGSP/79000-08408/HD,,,,274AKCAIB4IRIZS,,,,,24AAACL0140PDZD,,,,,
51,51,130.pdf,Available,OGSP/79000-08408/HD,,,,274AKCAIB4IRIZS,,,,,24AAACL0140PDZD,,,,,
52,52,130.pdf,Available,OGSP/79000-08408/HD,,,,274AKCAIB4IRIZS,,,,,24AAACL0140PDZD,,,,,
53,53,130.pdf,Available,OGSP/79000-08408/HD,,,,274AKCAIB4IRIZS,,,,,24AAACL0140PDZD,,,,,
54,54,130.pdf,Available,OGSP/79000-08408/HD,,,,274AKCAIB4IRIZS,,,,,24AAACL0140PDZD,,,,,
55,55,130.pdf,Available,OGSP/79000-08408/HD,,,,274AKCAIB4IRIZS,,,,,24AAACL0140PDZD,,,,,
56,56,130.pdf,Available,OGSP/79000-08408/HD,,,,274AKCAIB4IRIZS,,,,,24AAACL0140PDZD,,,,,
57,57,130.pdf,Available,OGSP/79000-08408/HD,,,,274AKCAIB4IRIZS,,,,,24AAACL0140PDZD,,,,,
58,58,130.pdf,Available,OGSP/79000-08408/HD,,,,274AKCAIB4IRIZS,,,,,24AAACL0140PDZD,,,,,
59,59,130.pdf,Available,OGSP/79000-08408/HD,,,,274AKCAIB4IRIZS,,,,,24AAACL0140PDZD,,,,,
60,60,130.pdf,Available,OGSP/79000-08408/HD,,,,274AKCAIB4IRIZS,,,,,24AAACL0140PDZD,,,,,
61,61,130.pdf,Available,OGSP/79000-08408/HD,,,,274AKCAIB4IRIZS,,,,,24AAACL0140PDZD,,,,,
62,62,130.pdf,Available,OGSP/79000-08408/HD,,,,274AKCAIB4IRIZS,,,,,24AAACL0140PDZD,,,,,
63,63,130.pdf,Available,OGSP/79000-08408/HD,,,,274AKCAIB4IRIZS,,,,,24AAACL0140PDZD,,,,,
64,64,130.pdf,Available,OGSP/79000-08408/HD,,,,274AKCAIB4IRIZS,,,,,24AAACL0140PDZD,,,,,
65,65,130.pdf,Available,OGSP/79000-08408/HD,,,,274AKCAIB4IRIZS,,,,,24AAACL0140PDZD,,,,,
66,66,130.pdf,Available,OGSP/79000-08408/HD,,,,274AKCAIB4IRIZS,,,,,24AAACL0140PDZD,,,,,
67,67,130.pdf,Available,OGSP/79000-08408/HD,,,,274AKCAIB4IRIZS,,,,,24AAACL0140PDZD,,,,,
68,68,130.pdf,Available,OGSP/79000-08408/HD,,,,274AKCAIB4IRIZS,,,,,24AAACL0140PDZD,,,,,
69,69,130.pdf,Available,OGSP/79000-08408/HD,,,,274AKCAIB4IRIZS,,,,,24AAACL0140PDZD,,,,,
70,70,130.pdf,Available,OGSP/79000-08408/HD,,,,274AKCAIB4IRIZS,,,,,24AAACL0140PDZD,,,,,
71,71,130.pdf,Available,OGSP/79000-08408/HD,,,,274AKCAIB4IRIZS,,,,,24AAACL0140PDZD,,,,,
72,72,130.pdf,Available,OGSP/79000-08408/HD,,,,274AKCAIB4IRIZS,,,,,24AAACL0140PDZD,,,,,
73,73,130.pdf,Available,OGSP/79000-08408/HD,,,,274AKCAIB4IRIZS,,,,,24AAACL0140PDZD,,,,,
74,74,130.pdf,Available,OGSP/79000-08408/HD,,,,274AKCAIB4IRIZS,,,,,24AAACL0140PDZD,,,,,
75,75,130.pdf,Available,OGSP/79000-08408/HD,,,,274AKCAIB4IRIZS,,,,,24AAACL0140PDZD,,,,,
76,76,130.pdf,Available,OGSP/79000-08408/HD,,,,274AKCAIB4IRIZS,,,,,24AAACL0140PDZD,,,,,
77,77,130.pdf,Available,OGSP/79000-08408/HD,,,,274AKCAIB4IRIZS,,,,,24AAACL0140PDZD,,,,,
78,78,130.pdf,Available,OGSP/79000-08408/HD,,,,274AKCAIB4IRIZS,,,,,24AAACL0140PDZD,,,,,
79,79,130.pdf,Available,OGSP/79000-08408/HD,,,,274AKCAIB4IRIZS,,,,,24AAACL0140PDZD,,,,,
80,80,130.pdf,Available,OGSP/79000-08408/HD,,,,274AKCAIB4IRIZS,,,,,24AAACL0140PDZD,,,,,
81,81,130.pdf,Available,OGSP/79000-08408/HD,,,,274AKCAIB4IRIZS,,,,,24AAACL0140PDZD,,,,,
82,82,130.pdf,Available,OGSP/79000-08408/HD,,,,274AKCAIB4IRIZS,,,,,24AAACL0140PDZD,,,,,
83,83,130.pdf,Available,OGSP/79000-08408/HD,,,,274AKCAIB4IRIZS,,,,,24AAACL0140PDZD,,,,,
84,84,130.pdf,Available,OGSP/79000-08408/HD,,,,274AKCAIB4IRIZS,,,,,24AAACL0140PDZD,,,,,
85,85,130.pdf,Available,OGSP/79000-08408/HD,,,,274AKCAIB4IRIZS,,,,,24AAACL0140PDZD,,,,,
86,86,130.pdf,Available,OGSP/79000-08408/HD,,,,274AKCAIB4IRIZS,,,,,24AAACL0140PDZD,,,,,
87,87,130.pdf,Available,OGSP/79000-08408/HD,,,,274AKCAIB4IRIZS,,,,,24AAACL0140PDZD,,,,,
88,88,130.pdf,Available,OGSP/79000-08408/HD,,,,274AKCAIB4IRIZS,,,,,24AAACL0140PDZD,,,,,
89,89,130.pdf,Available,OGSP/79000-08408/HD,,,,274AKCAIB4IRIZS,,,,,24AAACL0140PDZD,,,,,
90,90,130.pdf,Available,OGSP/79000-08408/HD,,,,274AKCAIB4IRIZS,,,,,24AAACL0140PDZD,,,,,
91,91,130.pdf,Available,OGSP/79000-08408/HD,,,,274AKCAIB4IRIZS,,,,,24AAACL0140PDZD,,,,,
92,92,130.pdf,Available,OGSP/79000-08408/HD,,,,274AKCAIB4IRIZS,,,,,24AAACL0140PDZD,,,,,
93,93,130.pdf,Available,OGSP/79000-08408/HD,,,,274AKCAIB4IRIZS,,,,,24AAACL0140PDZD,,,,,
94,94,130.pdf,Available,OGSP/79000-08408/HD,,,,274AKCAIB4IRIZS,,,,,24AAACL0140PDZD,,,,,
95,95,130.pdf,Available,OGSP/79000-08408/HD,,,,274AKCAIB4IRIZS,,,,,24AAACL0140PDZD,,,,,
96,96,130.pdf,Available,OGSP/79000-08408/HD,,,,274AKCAIB4IRIZS,,,,,24AAACL0140PDZD,,,,,
97,97,130.pdf,Available,OGSP/79000-08408/HD,,,,274AKCAIB4IRIZS,,,,,24AAACL0140PDZD,,,,,
98,98,130.pdf,Available,OGSP/79000-08408/HD,,,,274AKCAIB4IRIZS,,,,,24AAACL0140PDZD,,,,,
99,99,130.pdf,Available,OGSP/79000-08408/HD,,,,274AKCAIB4IRIZS,,,,,24AAACL0140PDZD,,,,,
100,100,130.pdf,Available,OGSP/79000-08408/HD,,,,274AKCAIB4IRIZS,,,,,24AAACL0140PDZD,,,,,
101,101,130.pdf,Available,OGSP/79000-08408/HD,,,,274AKCAIB4IRIZS,,,,,24AAACL0140PDZD,,,,,
102,102,130.pdf,Available,OGSP/79000-08408/HD,,,,274AKCAIB4IRIZS,,,,,24AAACL0140PDZD,,,,,
103,103,130.pdf,Available,OGSP/79000-08408/HD,,,,274AKCAIB4IRIZS,,,,,24AAACL0140PDZD,,,,,
104,104,130.pdf,Available,OGSP/79000-08408/HD,,,,274AKCAIB4IRIZS,,,,,24AAACL0140PDZD,,,,,
105,105,130.pdf,Available,OGSP/79000-08408/HD,,,,274AKCAIB4IRIZS,,,,,24AAACL0140PDZD,,,,,
106,106,130.pdf,Available,OGSP/79000-08408/HD,,,,274AKCAIB4IRIZS,,,,,24AAACL0140PDZD,,,,,
107,107,130.pdf,Available,OGSP/79000-08408/HD,,,,274AKCAIB4IRIZS,,,,,24AAACL0140PDZD,,,,,
108,108,130.pdf,Available,OGSP/79000-08408/HD,,,,274AKCAIB4IRIZS,,,,,24AAACL0140PDZD,,,,,
109,109,130.pdf,Available,OGSP/79000-08408/HD,,,,274AKCAIB4IRIZS,,,,,24AAACL0140PDZD,,,,,
110,110,130.pdf,Available,OGSP/79000-08408/HD,,,,274AKCAIB4IRIZS,,,,,24AAACL0140PDZD,,,,,
111,111,130.pdf,Available,OGSP/79000-08408/HD,,,,274AKCAIB4IRIZS,,,,,24AAACL0140PDZD,,,,,
112,112,130.pdf,Available,OGSP/79000-08408/HD,,,,274AKCAIB4IRIZS,,,,,24AAACL0140PDZD,,,,,
113,113,130.pdf,Available,OGSP/79000-08408/HD,,,,274AKCAIB4IRIZS,,,,,24AAACL0140PDZD,,,,,
114,114,130.pdf,Available,OGSP/79000-08408/HD,,,,274AKCAIB4IRIZS,,,,,24AAACL0140PDZD,,,,,
115,115,130.pdf,Available,OGSP/79000-08408/HD,,,,274AKCAIB4IRIZS,,,,,24AAACL0140PDZD,,,,,
116,116,130.pdf,Available,OGSP/79000-08408/HD,,,,274AKCAIB4IRIZS,,,,,24AAACL0140PDZD,,,,,
117,117,130.pdf,Available,OGSP/79000-08408/HD,,,,274AKCAIB4IRIZS,,,,,24AAACL0140PDZD,,,,,
118,118,130.pdf,Available,OGSP/79000-08408/HD,,,,274AKCAIB4IRIZS,,,,,24AAACL0140PDZD,,,,,
119,119,130.pdf,Available,OGSP/79000-08408/HD,,,,274AKCAIB4IRIZS,,,,,24AAACL0140PDZD,,,,,
120,120,130.pdf,Available,OGSP/79000-08408/HD,,,,274AKCAIB4IRIZS,,,,,24AAACL0140PDZD,,,,,
121,121,130.pdf,Available,OGSP/79000-08408/HD,,,,274AKCAIB4IRIZS,,,,,24AAACL0140PDZD,,,,,
122,122,130.pdf,Available,OGSP/79000-08408/HD,,,,274AKCAIB4IRIZS,,,,,24AAACL0140PDZD,,,,,
123,123,130.pdf,Available,OGSP/79000-08408/HD,,,,274AKCAIB4IRIZS,,,,,24AAACL0140PDZD,,,,,
124,124,130.pdf,Available,OGSP/79000-08408/HD,,,,274AKCAIB4IRIZS,,,,,24AAACL0140PDZD,,,,,
125,125,130.pdf,Available,OGSP/79000-08408/HD,,,,274AKCAIB4IRIZS,,,,,24AAACL0140PDZD,,,,,
126,126,130.pdf,Available,OGSP/79000-08408/HD,,,,274AKCAIB4IRIZS,,,,,24AAACL0140PDZD,,,,,
127,127,130.pdf,Available,OGSP/79000-08408/HD,,,,274AKCAIB4IRIZS,,,,,24AAACL0140PDZD,,,,,
128,128,130.pdf,Available,OGSP/79000-08408/HD,,,,274AKCAIB4IRIZS,,,,,24AAACL0140PDZD,,,,,
129,129,130.pdf,Available,OGSP/79000-08408/HD,,,,274AKCAIB4IRIZS,,,,,24AAACL0140PDZD,,,,,
130,130,130.pdf,Available,OGSP/79000-08408/HD,,,,274AKCAIB4IRIZS,,,,,24AAACL0140PDZD,,,,,
131,131,130.pdf,Available,OGSP/79000-08408/HD,,,,274AKCAIB4IRIZS,,,,,24AAACL0140PDZD,,,,,
132,132,130.pdf,Available,OGSP/79000-08408/HD,,,,274AKCAIB4IRIZS,,,,,24AAACL0140PDZD,,,,,
133,133,130.pdf,Available,OGSP/79000-08408/HD,,,,274AKCAIB4IRIZS,,,,,24AAACL0140PDZD,,,,,
134,134,130.pdf,Available,OGSP/79000-08408/HD,,,,274AKCAIB4IRIZS,,,,,24AAACL0140PDZD,,,,,
135,135,130.pdf,Available,OGSP/79000-08408/HD,,,,274AKCAIB4IRIZS,,,,,24AAACL0140PDZD,,,,,
136,136,130.pdf,Available,OGSP/79000-08408/HD,,,,274AKCAIB4IRIZS,,,,,24AAACL0140PDZD,,,,,
137,137,130.pdf,Available,OGSP/79000-08408/HD,,,,274AKCAIB4IRIZS,,,,,24AAACL0140PDZD,,,,,
138,138,130.pdf,Available,OGSP/79000-08408/HD,,,,274AKCAIB4IRIZS,,,,,24AAACL0140PDZD,,,,,
139,139,130.pdf,Available,OGSP/79000-08408/HD,,,,274AKCAIB4IRIZS,,,,,24AAACL0140PDZD,,,,,
140,140,130.pdf,Available,OGSP/79000-08408/HD,,,,274AKCAIB4IRIZS,,,,,24AAACL0140PDZD,,,,,
141,141,130.pdf,Available,OGSP/79000-08408/HD,,,,274AKCAIB4IRIZS,,,,,24AAACL0140PDZD,,,,,
142,142,130.pdf,Available,OGSP/79000-08408/HD,,,,274AKCAIB4IRIZS,,,,,24AAACL0140PDZD,,,,,
143,143,130.pdf,Available,OGSP/79000-08408/HD,,,,274AKCAIB4IRIZS,,,,,24AAACL0140PDZD,,,,,
144,144,130.pdf,Available,OGSP/79000-08408/HD,,,,274AKCAIB4IRIZS,,,,,24AAACL0140PDZD,,,,,
145,145,130.pdf,Available,OGSP/79000-08408/HD,,,,274AKCAIB4IRIZS,,,,,24AAACL0140PDZD,,,,,
146,146,130.pdf,Available,OGSP/79000-08408/HD,,,,274AKCAIB4IRIZS,,,,,24AAACL0140PDZD,,,,,
147,147,130.pdf,Available,OGSP/79000-08408/HD,,,,274AKCAIB4IRIZS,,,,,24AAACL0140PDZD,,,,,
148,148,130.pdf,Available,OGSP/79000-08408/HD,,,,274AKCAIB4IRIZS,,,,,24AAACL0140PDZD,,,,,
149,149,130.pdf,Available,OGSP/79000-08408/HD,,,,274AKCAIB4IRIZS,,,,,24AAACL0140PDZD,,,,,
150,150,130.pdf,Available,OGSP/79000-08408/HD,,,,274AKCAIB4IRIZS,,,,,24AAACL0140PDZD,,,,,
151,151,130.pdf,Available,OGSP/79000-08408/HD,,,,274AKCAIB4IRIZS,,,,,24AAACL0140PDZD,,,,,
152,152,130.pdf,Available,OGSP/79000-08408/HD,,,,274AKCAIB4IRIZS,,,,,24AAACL0140PDZD,,,,,
153,153,130.pdf,Available,OGSP/79000-08408/HD,,,,274AKCAIB4IRIZS,,,,,24AAACL0140PDZD,,,,,
154,154,130.pdf,Available,OGSP/79000-08408/HD,,,,274AKCAIB4IRIZS,,,,,24AAACL0140PDZD,,,,,
155,155,130.pdf,Available,OGSP/79000-08408/HD,,,,274AKCAIB4IRIZS,,,,,24AAACL0140PDZD,,,,,
156,156,130.pdf,Available,OGSP/79000-08408/HD,,,,274AKCAIB4IRIZS,,,,,24AAACL0140PDZD,,,,,
157,157,130.pdf,Available,OGSP/79000-08408/HD,,,,274AKCAIB4IRIZS,,,,,24AAACL0140PDZD,,,,,
158,158,130.pdf,Available,OGSP/79000-08408/HD,,,,274AKCAIB4IRIZS,,,,,24AAACL0140PDZD,,,,,
159,159,130.pdf,Available,OGSP/79000-08408/HD,,,,274AKCAIB4IRIZS,,,,,24AAACL0140PDZD,,,,,
160,160,130.pdf,Available,OGSP/79000-08408/HD,,,,274AKCAIB4IRIZS,,,,,24AAACL0140PDZD,,,,,
161,161,130.pdf,Available,OGSP/79000-08408/HD,,,,274AKCAIB4IRIZS,,,,,24AAACL0140PDZD,,,,,
162,162,130.pdf,Available,OGSP/79000-08408/HD,,,,274AKCAIB4IRIZS,,,,,24AAACL0140PDZD,,,,,
163,163,130.pdf,Available,OGSP/79000-08408/HD,,,,274AKCAIB4IRIZS,,,,,24AAACL0140PDZD,,,,,
164,164,130.pdf,Available,OGSP/79000-08408/HD,,,,274AKCAIB4IRIZS,,,,,24AAACL0140PDZD,,,,,
165,165,130.pdf,Available,OGSP/79000-08408/HD,,,,274AKCAIB4IRIZS,,,,,24AAACL0140PDZD,,,,,
166,166,130.pdf,Available,OGSP/79000-08408/HD,,,,274AKCAIB4IRIZS,,,,,24AAACL0140PDZD,,,,,
167,167,130.pdf,Available,OGSP/79000-08408/HD,,,,274AKCAIB4IRIZS,,,,,24AAACL0140PDZD,,,,,
168,168,130.pdf,Available,OGSP/79000-08408/HD,,,,274AKCAIB4IRIZS,,,,,24AAACL0140PDZD,,,,,
169,169,130.pdf,Available,OGSP/79000-08408/HD,,,,274AKCAIB4IRIZS,,,,,24AAACL0140PDZD,,,,,
170,170,130.pdf,Available,OGSP/79000-08408/HD,,,,274AKCAIB4IRIZS,,,,,24AAACL0140PDZD,,,,,
171,171,130.pdf,Available,OGSP/79000-08408/HD,,,,274AKCAIB4IRIZS,,,,,24AAACL0140PDZD,,,,,
172,172,130.pdf,Available,OGSP/79000-08408/HD,,,,274AKCAIB4IRIZS,,,,,24AAACL0140PDZD,,,,,
173,173,130.pdf,Available,OGSP/79000-08408/HD,,,,274AKCAIB4IRIZS,,,,,24AAACL0140PDZD,,,,,
174,174,130.pdf,Available,OGSP/79000-08408/HD,,,,274AKCAIB4IRIZS,,,,,24AAACL0140PDZD,,,,,
175,175,130.pdf,Available,OGSP/79000-08408/HD,,,,274AKCAIB4IRIZS,,,,,24AAACL0140PDZD,,,,,
176,176,130.pdf,Available,OGSP/79000-08408/HD,,,,274AKCAIB4IRIZS,,,,,24AAACL0140PDZD,,,,,
177,177,130.pdf,Available,OGSP/79000-08408/HD,,,,274AKCAIB4IRIZS,,,,,24AAACL0140PDZD,,,,,
178,178,130.pdf,Available,OGSP/79000-08408/HD,,,,274AKCAIB4IRIZS,,,,,24AAACL0140PDZD,,,,,
179,179,130.pdf,Available,OGSP/79000-08408/HD,,,,274AKCAIB4IRIZS,,,,,24AAACL0140PDZD,,,,,
180,180,130.pdf,Available,OGSP/79000-08408/HD,,,,274AKCAIB4IRIZS,,,,,24AAACL0140PDZD,,,,,
181,181,130.pdf,Available,OGSP/79000-08408/HD,,,,274AKCAIB4IRIZS,,,,,24AAACL0140PDZD,,,,,
182,182,130.pdf,Available,OGSP/79000-08408/HD,,,,274AKCAIB4IRIZS,,,,,24AAACL0140PDZD,,,,,
183,183,130.pdf,Available,OGSP/79000-08408/HD,,,,274AKCAIB4IRIZS,,,,,24AAACL0140PDZD,,,,,
184,184,130.pdf,Available,OGSP/79000-08408/HD,,,,274AKCAIB4IRIZS,,,,,24AAACL0140PDZD,,,,,
185,185,130.pdf,Available,OGSP/79000-08408/HD,,,,274AKCAIB4IRIZS,,,,,24AAACL0140PDZD,,,,,
186,186,130.pdf,Available,OGSP/79000-08408/HD,,,,274AKCAIB4IRIZS,,,,,24AAACL0140PDZD,,,,,
187,187,130.pdf,Available,OGSP/79000-08408/HD,,,,274AKCAIB4IRIZS,,,,,24AAACL0140PDZD,,,,,
188,188,130.pdf,Available,OGSP/79000-08408/HD,,,,274AKCAIB4IRIZS,,,,,24AAACL0140PDZD,,,,,
189,189,130.pdf,Available,OGSP/79000-08408/HD,,,,274AKCAIB4IRIZS,,,,,24AAACL0140PDZD,,,,,
190,190,130.pdf,Available,OGSP/79000-08408/HD,,,,274AKCAIB4IRIZS,,,,,24AAACL0140PDZD,,,,,
191,191,130.pdf,Available,OGSP/79000-08408/HD,,,,274AKCAIB4IRIZS,,,,,24AAACL0140PDZD,,,,,
192,192,130.pdf,Available,OGSP/79000-08408/HD,,,,274AKCAIB4IRIZS,,,,,24AAACL0140PDZD,,,,,
193,193,130.pdf,Available,OGSP/79000-08408/HD,,,,274AKCAIB4IRIZS,,,,,24AAACL0140PDZD,,,,,
194,194,130.pdf,Available,OGSP/79000-08408/HD,,,,274AKCAIB4IRIZS,,,,,24AAACL0140PDZD,,,,,
195,195,130.pdf,Available,OGSP/79000-08408/HD,,,,274AKCAIB4IRIZS,,,,,24AAACL0140PDZD,,,,,
196,196,130.pdf,Available,OGSP/79000-08408/HD,,,,274AKCAIB4IRIZS,,,,,24AAACL0140PDZD,,,,,
197,197,130.pdf,Available,OGSP/79000-08408/HD,,,,274AKCAIB4IRIZS,,,,,24AAACL0140PDZD,,,,,
198,198,130.pdf,Available,OGSP/79000-08408/HD,,,,274AKCAIB4IRIZS,,,,,24AAACL0140PDZD,,,,,
199,199,130.pdf,Available,OGSP/79000-08408/HD,,,,274AKCAIB4IRIZS,,,,,24AAACL0140PDZD,,,,,
200,200,130.pdf,Available,OGSP/79000-08408/HD,,,,274AKCAIB4IRIZS,,,,,24AAACL0140PDZD,,,,,
201,201,130.pdf,Available,OGSP/79000-08408/HD,,,,274AKCAIB4IRIZS,,,,,24AAACL0140PDZD,,,,,
202,202,130.pdf,Available,OGSP/79000-08408/HD,,,,274AKCAIB4IRIZS,,,,,24AAACL0140PDZD,,,,,
203,203,130.pdf,Available,OGSP/79000-08408/HD,,,,274AKCAIB4IRIZS,,,,,24AAACL0140PDZD,,,,,
204,204,130.pdf,Available,OGSP/79000-08408/HD,,,,274AKCAIB4IRIZS,,,,,24AAACL0140PDZD,,,,,
205,205,130.pdf,Available,OGSP/79000-08408/HD,,,,274AKCAIB4IRIZS,,,,,24AAACL0140PDZD,,,,,
206,206,130.pdf,Available,OGSP/79000-08408/HD,,,,274AKCAIB4IRIZS,,,,,24AAACL0140PDZD,,,,,
207,207,130.pdf,Available,OGSP/79000-08408/HD,,,,274AKCAIB4IRIZS,,,,,24AAACL0140PDZD,,,,,
208,208,130.pdf,Available,OGSP/79000-08408/HD,,,,274AKCAIB4IRIZS,,,,,24AAACL0140PDZD,,,,,
209,209,130.pdf,Available,OGSP/79000-08408/HD,,,,274AKCAIB4IRIZS,,,,,24AAACL0140PDZD,,,,,
210,210,130.pdf,Available,OGSP/79000-08408/HD,,,,274AKCAIB4IRIZS,,,,,24AAACL0140PDZD,,,,,
211,211,130.pdf,Available,OGSP/79000-08408/HD,,,,274AKCAIB4IRIZS,,,,,24AAACL0140PDZD,,,,,
212,212,130.pdf,Available,OGSP/79000-08408/HD,,,,274AKCAIB4IRIZS,,,,,24AAACL0140PDZD,,,,,
213,213,130.pdf,Available,OGSP/79000-08408/HD,,,,274AKCAIB4IRIZS,,,,,24AAACL0140PDZD,,,,,
214,214,130.pdf,Available,OGSP/79000-08408/HD,,,,274AKCAIB4IRIZS,,,,,24AAACL0140PDZD,,,,,
215,215,130.pdf,Available,OGSP/79000-08408/HD,,,,274AKCAIB4IRIZS,,,,,24AAACL0140PDZD,,,,,
216,216,130.pdf,Available,OGSP/79000-08408/HD,,,,274AKCAIB4IRIZS,,,,,24AAACL0140PDZD,,,,,
217,217,130.pdf,Available,OGSP/79000-08408/HD,,,,274AKCAIB4IRIZS,,,,,24AAACL0140PDZD,,,,,
218,218,130.pdf,Available,OGSP/79000-08408/HD,,,,274AKCAIB4IRIZS,,,,,24AAACL0140PDZD,,,,,
219,219,130.pdf,Available,OGSP/79000-08408/HD,,,,274AKCAIB4IRIZS,,,,,24AAACL0140PDZD,,,,,
220,220,130.pdf,Available,OGSP/79000-08408/HD,,,,274AKCAIB4IRIZS,,,,,24AAACL0140PDZD,,,,,
221,221,130.pdf,Available,OGSP/79000-08408/HD,,,,274AKCAIB4IRIZS,,,,,24AAACL0140PDZD,,,,,
222,222,130.pdf,Available,OGSP/79000-08408/HD,,,,274AKCAIB4IRIZS,,,,,24AAACL0140PDZD,,,,,
223,223,130.pdf,Available,OGSP/79000-08408/HD,,,,274AKCAIB4IRIZS,,,,,24AAACL0140PDZD,,,,,
224,224,130.pdf,Available,OGSP/79000-08408/HD,,,,274AKCAIB4IRIZS,,,,,24AAACL0140PDZD,,,,,
225,225,130.pdf,Available,OGSP/79000-08408/HD,,,,274AKCAIB4IRIZS,,,,,24AAACL0140PDZD,,,,,
226,226,130.pdf,Available,OGSP/79000-08408/HD,,,,274AKCAIB4IRIZS,,,,,24AAACL0140PDZD,,,,,
227,227,130.pdf,Available,OGSP/79000-08408/HD,,,,274AKCAIB4IRIZS,,,,,24AAACL0140PDZD,,,,,
228,228,130.pdf,Available,OGSP/79000-08408/HD,,,,274AKCAIB4IRIZS,,,,,24AAACL0140PDZD,,,,,
229,229,130.pdf,Available,OGSP/79000-08408/HD,,,,274AKCAIB4IRIZS,,,,,24AAACL0140PDZD,,,,,
230,230,130.pdf,Available,OGSP/79000-08408/HD,,,,274AKCAIB4IRIZS,,,,,24AAACL0140PDZD,,,,,
231,231,130.pdf,Available,OGSP/79000-08408/HD,,,,274AKCAIB4IRIZS,,,,,24AAACL0140PDZD,,,,,
232,232,130.pdf,Available,OGSP/79000-08408/HD,,,,274AKCAIB4IRIZS,,,,,24AAACL0140PDZD,,,,,
233,233,130.pdf,Available,OGSP/79000-08408/HD,,,,274AKCAIB4IRIZS,,,,,24AAACL0140PDZD,,,,,
234,234,130.pdf,Available,OGSP/79000-08408/HD,,,,274AKCAIB4IRIZS,,,,,24AAACL0140PDZD,,,,,
235,235,130.pdf,Available,OGSP/79000-08408/HD,,,,274AKCAIB4IRIZS,,,,,24AAACL0140PDZD,,,,,
236,236,130.pdf,Available,OGSP/79000-08408/HD,,,,274AKCAIB4IRIZS,,,,,24AAACL0140PDZD,,,,,
237,237,130.pdf,Available,OGSP/79000-08408/HD,,,,274AKCAIB4IRIZS,,,,,24AAACL0140PDZD,,,,,
238,238,130.pdf,Available,OGSP/79000-08408/HD,,,,274AKCAIB4IRIZS,,,,,24AAACL0140PDZD,,,,,
239,239,130.pdf,Available,OGSP/79000-08408/HD,,,,274AKCAIB4IRIZS,,,,,24AAACL0140PDZD,,,,,
240,240,130.pdf,Available,OGSP/79000-08408/HD,,,,274AKCAIB4IRIZS,,,,,24AAACL0140PDZD,,,,,
241,241,130.pdf,Available,OGSP/79000-08408/HD,,,,274AKCAIB4IRIZS,,,,,24AAACL0140PDZD,,,,,
242,242,130.pdf,Available,OGSP/79000-08408/HD,,,,274AKCAIB4IRIZS,,,,,24AAACL0140PDZD,,,,,
243,243,130.pdf,Available,OGSP/79000-08408/HD,,,,274AKCAIB4IRIZS,,,,,24AAACL0140PDZD,,,,,
244,244,130.pdf,Available,OGSP/79000-08408/HD,,,,274AKCAIB4IRIZS,,,,,24AAACL0140PDZD,,,,,
245,245,130.pdf,Available,OGSP/79000-08408/HD,,,,274AKCAIB4IRIZS,,,,,24AAACL0140PDZD,,,,,
246,246,130.pdf,Available,OGSP/79000-08408/HD,,,,274AKCAIB4IRIZS,,,,,24AAACL0140PDZD,,,,,
247,247,130.pdf,Available,OGSP/79000-08408/HD,,,,274AKCAIB4IRIZS,,,,,24AAACL0140PDZD,,,,,
248,248,130.pdf,Available,OGSP/79000-08408/HD,,,,274AKCAIB4IRIZS,,,,,24AAACL0140PDZD,,,,,
249,249,130.pdf,Available,OGSP/79000-08408/HD,,,,274AKCAIB4IRIZS,,,,,24AAACL0140PDZD,,,,,
250,250,130.pdf,Available,OGSP/79000-08408/HD,,,,274AKCAIB4IRIZS,,,,,24AAACL0140PDZD,,,,,
251,251,130.pdf,Available,OGSP/79000-08408/HD,,,,274AKCAIB4IRIZS,,,,,24AAACL0140PDZD,,,,,
252,252,130.pdf,Available,OGSP/79000-08408/HD,,,,274AKCAIB4IRIZS,,,,,24AAACL0140PDZD,,,,,
253,253,130.pdf,Available,OGSP/79000-08408/HD,,,,274AKCAIB4IRIZS,,,,,24AAACL0140PDZD,,,,,
254,254,130.pdf,Available,OGSP/79000-08408/HD,,,,274AKCAIB4IRIZS,,,,,24AAACL0140PDZD,,,,,
255,255,130.pdf,Available,OGSP/79000-08408/HD,,,,274AKCAIB4IRIZS,,,,,24AAACL0140PDZD,,,,,
256,256,130.pdf,Available,OGSP/79000-08408/HD,,,,274AKCAIB4IRIZS,,,,,24AAACL0140PDZD,,,,,
257,257,130.pdf,Available,OGSP/79000-08408/HD,,,,274AKCAIB4IRIZS,,,,,24AAACL0140PDZD,,,,,
258,258,130.pdf,Available,OGSP/79000-08408/HD,,,,274AKCAIB4IRIZS,,,,,24AAACL0140PDZD,,,,,
259,259,130.pdf,Available,OGSP/79000-08408/HD,,,,274AKCAIB4IRIZS,,,,,24AAACL0140PDZD,,,,,
260,260,130.pdf,Available,OGSP/79000-08408/HD,,,,274AKCAIB4IRIZS,,,,,24AAACL0140PDZD,,,,,
261,261,130.pdf,Available,OGSP/79000-08408/HD,,,,274AKCAIB4IRIZS,,,,,24AAACL0140PDZD,,,,,
262,262,130.pdf,Available,OGSP/79000-08408/HD,,,,274AKCAIB4IRIZS,,,,,24AAACL0140PDZD,,,,,
263,263,130.pdf,Available,OGSP/79000-08408/HD,,,,274AKCAIB4IRIZS,,,,,24AAACL0140PDZD,,,,,
264,264,130.pdf,Available,OGSP/79000-08408/HD,,,,274AKCAIB4IRIZS,,,,,24AAACL0140PDZD,,,,,
265,265,130.pdf,Available,OGSP/79000-08408/HD,,,,274AKCAIB4IRIZS,,,,,24AAACL0140PDZD,,,,,
266,266,130.pdf,Available,OGSP/79000-08408/HD,,,,274AKCAIB4IRIZS,,,,,24AAACL0140PDZD,,,,,
267,267,130.pdf,Available,OGSP/79000-08408/HD,,,,274AKCAIB4IRIZS,,,,,24AAACL0140PDZD,,,,,
268,268,130.pdf,Available,OGSP/79000-08408/HD,,,,274AKCAIB4IRIZS,,,,,24AAACL0140PDZD,,,,,
269,269,130.pdf,Available,OGSP/79000-08408/HD,,,,274AKCAIB4IRIZS,,,,,24AAACL0140PDZD,,,,,
270,270,130.pdf,Available,OGSP/79000-08408/HD,,,,274AKCAIB4IRIZS,,,,,24AAACL0140PDZD,,,,,
271,271,130.pdf,Available,OGSP/79000-08408/HD,,,,274AKCAIB4IRIZS,,,,,24AAACL0140PDZD,,,,,
272,272,130.pdf,Available,OGSP/79000-08408/HD,,,,274AKCAIB4IRIZS,,,,,24AAACL0140PDZD,,,,,
273,273,130.pdf,Available,OGSP/79000-08408/HD,,,,274AKCAIB4IRIZS,,,,,24AAACL0140PDZD,,,,,
274,274,130.pdf,Available,OGSP/79000-08408/HD,,,,274AKCAIB4IRIZS,,,,,24AAACL0140PDZD,,,,,
275,275,130.pdf,Available,OGSP/79000-08408/HD,,,,274AKCAIB4IRIZS,,,,,24AAACL0140PDZD,,,,,
276,276,130.pdf,Available,OGSP/79000-08408/HD,,,,274AKCAIB4IRIZS,,,,,24AAACL0140PDZD,,,,,
277,277,130.pdf,Available,OGSP/79000-08408/HD,,,,274AKCAIB4IRIZS,,,,,24AAACL0140PDZD,,,,,
278,278,130.pdf,Available,OGSP/79000-08408/HD,,,,274AKCAIB4IRIZS,,,,,24AAACL0140PDZD,,,,,
279,279,130.pdf,Available,OGSP/79000-08408/HD,,,,274AKCAIB4IRIZS,,,,,24AAACL0140PDZD,,,,,
280,280,130.pdf,Available,OGSP/79000-08408/HD,,,,274AKCAIB4IRIZS,,,,,24AAACL0140PDZD,,,,,
281,281,130.pdf,Available,OGSP/79000-08408/HD,,,,274AKCAIB4IRIZS,,,,,24AAACL0140PDZD,,,,,
282,282,130.pdf,Available,OGSP/79000-08408/HD,,,,274AKCAIB4IRIZS,,,,,24AAACL0140PDZD,,,,,
283,283,130.pdf,Available,OGSP/79000-08408/HD,,,,274AKCAIB4IRIZS,,,,,24AAACL0140PDZD,,,,,
284,284,130.pdf,Available,OGSP/79000-08408/HD,,,,274AKCAIB4IRIZS,,,,,24AAACL0140PDZD,,,,,
285,285,130.pdf,Available,OGSP/79000-08408/HD,,,,274AKCAIB4IRIZS,,,,,24AAACL0140PDZD,,,,,
286,286,130.pdf,Available,OGSP/79000-08408/HD,,,,274AKCAIB4IRIZS,,,,,24AAACL0140PDZD,,,,,
287,287,130.pdf,Available,OGSP/79000-08408/HD,,,,274AKCAIB4IRIZS,,,,,24AAACL0140PDZD,,,,,
288,288,130.pdf,Available,OGSP/79000-08408/HD,,,,274AKCAIB4IRIZS,,,,,24AAACL0140PDZD,,,,,
289,289,130.pdf,Available,OGSP/79000-08408/HD,,,,274AKCAIB4IRIZS,,,,,24AAACL0140PDZD,,,,,
290,290,130.pdf,Available,OGSP/79000-08408/HD,,,,274AKCAIB4IRIZS,,,,,24AAACL0140PDZD,,,,,
291,291,130.pdf,Available,OGSP/79000-08408/HD,,,,274AKCAIB4IRIZS,,,,,24AAACL0140PDZD,,,,,
292,292,130.pdf,Available,OGSP/79000-08408/HD,,,,274AKCAIB4IRIZS,,,,,24AAACL0140PDZD,,,,,
293,293,130.pdf,Available,OGSP/79000-08408/HD,,,,274AKCAIB4IRIZS,,,,,24AAACL0140PDZD,,,,,
294,294,130.pdf,Available,OGSP/79000-08408/HD,,,,274AKCAIB4IRIZS,,,,,24AAACL0140PDZD,,,,,
295,295,130.pdf,Available,OGSP/79000-08408/HD,,,,274AKCAIB4IRIZS,,,,,24AAACL0140PDZD,,,,,
296,296,130.pdf,Available,OGSP/79000-08408/HD,,,,274AKCAIB4IRIZS,,,,,24AAACL0140PDZD,,,,,
297,297,130.pdf,Available,OGSP/79000-08408/HD,,,,274AKCAIB4IRIZS,,,,,24AAACL0140PDZD,,,,,
298,298,130.pdf,Available,OGSP/79000-08408/HD,,,,274AKCAIB4IRIZS,,,,,24AAACL0140PDZD,,,,,
299,299,130.pdf,Available,OGSP/79000-08408/HD,,,,274AKCAIB4IRIZS,,,,,24AAACL0140PDZD,,,,,
300,300,130.pdf,Available,OGSP/79000-08408/HD,,,,274AKCAIB4IRIZS,,,,,24AAACL0140PDZD,,,,,
301,301,130.pdf,Available,OGSP/79000-08408/HD,,,,274AKCAIB4IRIZS,,,,,24AAACL0140PDZD,,,,,
302,302,130.pdf,Available,OGSP/79000-08408/HD,,,,274AKCAIB4IRIZS,,,,,24AAACL0140PDZD,,,,,
303,303,130.pdf,Available,OGSP/79000-08408/HD,,,,274AKCAIB4IRIZS,,,,,24AAACL0140PDZD,,,,,
304,304,130.pdf,Available,OGSP/79000-08408/HD,,,,274AKCAIB4IRIZS,,,,,24AAACL0140PDZD,,,,,
305,305,130.pdf,Available,OGSP/79000-08408/HD,,,,274AKCAIB4IRIZS,,,,,24AAACL0140PDZD,,,,,
306,306,130.pdf,Available,OGSP/79000-08408/HD,,,,274AKCAIB4IRIZS,,,,,24AAACL0140PDZD,,,,,
307,307,130.pdf,Available,OGSP/79000-08408/HD,,,,274AKCAIB4IRIZS,,,,,24AAACL0140PDZD,,,,,
308,308,130.pdf,Available,OGSP/79000-08408/HD,,,,274AKCAIB4IRIZS,,,,,24AAACL0140PDZD,,,,,
309,309,130.pdf,Available,OGSP/79000-08408/HD,,,,274AKCAIB4IRIZS,,,,,24AAACL0140PDZD,,,,,
310,310,130.pdf,Available,OGSP/79000-08408/HD,,,,274AKCAIB4IRIZS,,,,,24AAACL0140PDZD,,,,,
311,311,130.pdf,Available,OGSP/79000-08408/HD,,,,274AKCAIB4IRIZS,,,,,24AAACL0140PDZD,,,,,
312,312,130.pdf,Available,OGSP/79000-08408/HD,,,,274AKCAIB4IRIZS,,,,,24AAACL0140PDZD,,,,,
313,313,130.pdf,Available,OGSP/79000-08408/HD,,,,274AKCAIB4IRIZS,,,,,24AAACL0140PDZD,,,,,
314,314,130.pdf,Available,OGSP/79000-08408/HD,,,,274AKCAIB4IRIZS,,,,,24AAACL0140PDZD,,,,,
315,315,130.pdf,Available,OGSP/79000-08408/HD,,,,274AKCAIB4IRIZS,,,,,24AAACL0140PDZD,,,,,
316,316,130.pdf,Available,OGSP/79000-08408/HD,,,,274AKCAIB4IRIZS,,,,,24AAACL0140PDZD,,,,,
317,317,130.pdf,Available,OGSP/79000-08408/HD,,,,274AKCAIB4IRIZS,,,,,24AAACL0140PDZD,,,,,
318,318,130.pdf,Available,OGSP/79000-08408/HD,,,,274AKCAIB4IRIZS,,,,,24AAACL0140PDZD,,,,,
319,319,130.pdf,Available,OGSP/79000-08408/HD,,,,274AKCAIB4IRIZS,,,,,24AAACL0140PDZD,,,,,
320,320,130.pdf,Available,OGSP/79000-08408/HD,,,,274AKCAIB4IRIZS,,,,,24AAACL0140PDZD,,,,,
321,321,130.pdf,Available,OGSP/79000-08408/HD,,,,274AKCAIB4IRIZS,,,,,24AAACL0140PDZD,,,,,
322,322,130.pdf,Available,OGSP/79000-08408/HD,,,,274AKCAIB4IRIZS,,,,,24AAACL0140PDZD,,,,,
323,323,130.pdf,Available,OGSP/79000-08408/HD,,,,274AKCAIB4IRIZS,,,,,24AAACL0140PDZD,,,,,
324,324,130.pdf,Available,OGSP/79000-08408/HD,,,,274AKCAIB4IRIZS,,,,,24AAACL0140PDZD,,,,,
325,325,130.pdf,Available,OGSP/79000-08408/HD,,,,274AKCAIB4IRIZS,,,,,24AAACL0140PDZD,,,,,
326,326,130.pdf,Available,OGSP/79000-08408/HD,,,,274AKCAIB4IRIZS,,,,,24AAACL0140PDZD,,,,,
327,327,130.pdf,Available,OGSP/79000-08408/HD,,,,274AKCAIB4IRIZS,,,,,24AAACL0140PDZD,,,,,
328,328,130.pdf,Available,OGSP/79000-08408/HD,,,,274AKCAIB4IRIZS,,,,,24AAACL0140PDZD,,,,,
329,329,130.pdf,Available,OGSP/79000-08408/HD,,,,274AKCAIB4IRIZS,,,,,24AAACL0140PDZD,,,,,
330,330,130.pdf,Available,OGSP/79000-08408/HD,,,,274AKCAIB4IRIZS,,,,,24AAACL0140PDZD,,,,,
331,331,130.pdf,Available,OGSP/79000-08408/HD,,,,274AKCAIB4IRIZS,,,,,24AAACL0140PDZD,,,,,
332,332,130.pdf,Available,OGSP/79000-08408/HD,,,,274AKCAIB4IRIZS,,,,,24AAACL0140PDZD,,,,,
333,333,130.pdf,Available,OGSP/79000-08408/HD,,,,274AKCAIB4IRIZS,,,,,24AAACL0140PDZD,,,,,
334,334,130.pdf,Available,OGSP/79000-08408/HD,,,,274AKCAIB4IRIZS,,,,,24AAACL0140PDZD,,,,,
335,335,130.pdf,Available,OGSP/79000-08408/HD,,,,274AKCAIB4IRIZS,,,,,24AAACL0140PDZD,,,,,
336,336,130.pdf,Available,OGSP/79000-08408/HD,,,,274AKCAIB4IRIZS,,,,,24AAACL0140PDZD,,,,,
337,337,130.pdf,Available,OGSP/79000-08408/HD,,,,274AKCAIB4IRIZS,,,,,24AAACL0140PDZD,,,,,
338,338,130.pdf,Available,OGSP/79000-08408/HD,,,,274AKCAIB4IRIZS,,,,,24AAACL0140PDZD,,,,,
339,339,130.pdf,Available,OGSP/79000-08408/HD,,,,274AKCAIB4IRIZS,,,,,24AAACL0140PDZD,,,,,
340,340,130.pdf,Available,OGSP/79000-08408/HD,,,,274AKCAIB4IRIZS,,,,,24AAACL0140PDZD,,,,,
341,341,130.pdf,Available,OGSP/79000-08408/HD,,,,274AKCAIB4IRIZS,,,,,24AAACL0140PDZD,,,,,
342,342,130.pdf,Available,OGSP/79000-08408/HD,,,,274AKCAIB4IRIZS,,,,,24AAACL0140PDZD,,,,,
343,343,130.pdf,Available,OGSP/79000-08408/HD,,,,274AKCAIB4IRIZS,,,,,24AAACL0140PDZD,,,,,
344,344,130.pdf,Available,OGSP/79000-08408/HD,,,,274AKCAIB4IRIZS,,,,,24AAACL0140PDZD,,,,,
345,345,130.pdf,Available,OGSP/79000-08408/HD,,,,274AKCAIB4IRIZS,,,,,24AAACL0140PDZD,,,,,
346,346,130.pdf,Available,OGSP/79000-08408/HD,,,,274AKCAIB4IRIZS,,,,,24AAACL0140PDZD,,,,,
347,347,130.pdf,Available,OGSP/79000-08408/HD,,,,274AKCAIB4IRIZS,,,,,24AAACL0140PDZD,,,,,
348,348,130.pdf,Available,OGSP/79000-08408/HD,,,,274AKCAIB4IRIZS,,,,,24AAACL0140PDZD,,,,,
349,349,130.pdf,Available,OGSP/79000-08408/HD,,,,274AKCAIB4IRIZS,,,,,24AAACL0140PDZD,,,,,
350,350,130.pdf,Available,OGSP/79000-08408/HD,,,,274AKCAIB4IRIZS,,,,,24AAACL0140PDZD,,,,,
351,351,130.pdf,Available,OGSP/79000-08408/HD,,,,274AKCAIB4IRIZS,,,,,24AAACL0140PDZD,,,,,
352,352,130.pdf,Available,OGSP/79000-08408/HD,,,,274AKCAIB4IRIZS,,,,,24AAACL0140PDZD,,,,,
353,353,130.pdf,Available,OGSP/79000-08408/HD,,,,274AKCAIB4IRIZS,,,,,24AAACL0140PDZD,,,,,
354,354,130.pdf,Available,OGSP/79000-08408/HD,,,,274AKCAIB4IRIZS,,,,,24AAACL0140PDZD,,,,,
355,355,130.pdf,Available,OGSP/79000-08408/HD,,,,274AKCAIB4IRIZS,,,,,24AAACL0140PDZD,,,,,
356,356,130.pdf,Available,OGSP/79000-08408/HD,,,,274AKCAIB4IRIZS,,,,,24AAACL0140PDZD,,,,,
357,357,130.pdf,Available,OGSP/79000-08408/HD,,,,274AKCAIB4IRIZS,,,,,24AAACL0140PDZD,,,,,
358,358,130.pdf,Available,OGSP/79000-08408/HD,,,,274AKCAIB4IRIZS,,,,,24AAACL0140PDZD,,,,,
359,359,130.pdf,Available,OGSP/79000-08408/HD,,,,274AKCAIB4IRIZS,,,,,24AAACL0140PDZD,,,,,
360,360,130.pdf,Available,OGSP/79000-08408/HD,,,,274AKCAIB4IRIZS,,,,,24AAACL0140PDZD,,,,,
361,361,130.pdf,Available,OGSP/79000-08408/HD,,,,274AKCAIB4IRIZS,,,,,24AAACL0140PDZD,,,,,
362,362,130.pdf,Available,OGSP/79000-08408/HD,,,,274AKCAIB4IRIZS,,,,,24AAACL0140PDZD,,,,,
363,363,130.pdf,Available,OGSP/79000-08408/HD,,,,274AKCAIB4IRIZS,,,,,24AAACL0140PDZD,,,,,
364,364,130.pdf,Available,OGSP/79000-08408/HD,,,,274AKCAIB4IRIZS,,,,,24AAACL0140PDZD,,,,,
365,365,130.pdf,Available,OGSP/79000-08408/HD,,,,274AKCAIB4IRIZS,,,,,24AAACL0140PDZD,,,,,
366,366,130.pdf,Available,OGSP/79000-08408/HD,,,,274AKCAIB4IRIZS,,,,,24AAACL0140PDZD,,,,,
367,367,130.pdf,Available,OGSP/79000-08408/HD,,,,274AKCAIB4IRIZS,,,,,24AAACL0140PDZD,,,,,
368,368,130.pdf,Available,OGSP/79000-08408/HD,,,,274AKCAIB4IRIZS,,,,,24AAACL0140PDZD,,,,,
369,369,130.pdf,Available,OGSP/79000-08408/HD,,,,274AKCAIB4IRIZS,,,,,24AAACL0140PDZD,,,,,
370,370,130.pdf,Available,OGSP/79000-08408/HD,,,,274AKCAIB4IRIZS,,,,,24AAACL0140PDZD,,,,,
371,371,130.pdf,Available,OGSP/79000-08408/HD,,,,274AKCAIB4IRIZS,,,,,24AAACL0140PDZD,,,,,
372,372,130.pdf,Available,OGSP/79000-08408/HD,,,,274AKCAIB4IRIZS,,,,,24AAACL0140PDZD,,,,,
373,373,130.pdf,Available,OGSP/79000-08408/HD,,,,274AKCAIB4IRIZS,,,,,24AAACL0140PDZD,,,,,
374,374,130.pdf,Available,OGSP/79000-08408/HD,,,,274AKCAIB4IRIZS,,,,,24AAACL0140PDZD,,,,,
375,375,130.pdf,Available,OGSP/79000-08408/HD,,,,274AKCAIB4IRIZS,,,,,24AAACL0140PDZD,,,,,
376,376,130.pdf,Available,OGSP/79000-08408/HD,,,,274AKCAIB4IRIZS,,,,,24AAACL0140PDZD,,,,,
377,377,130.pdf,Available,OGSP/79000-08408/HD,,,,274AKCAIB4IRIZS,,,,,24AAACL0140PDZD,,,,,
378,378,130.pdf,Available,OGSP/79000-08408/HD,,,,274AKCAIB4IRIZS,,,,,24AAACL0140PDZD,,,,,
379,379,130.pdf,Available,OGSP/79000-08408/HD,,,,274AKCAIB4IRIZS,,,,,24AAACL0140PDZD,,,,,
380,380,130.pdf,Available,OGSP/79000-08408/HD,,,,274AKCAIB4IRIZS,,,,,24AAACL0140PDZD,,,,,
381,381,130.pdf,Available,OGSP/79000-08408/HD,,,,274AKCAIB4IRIZS,,,,,24AAACL0140PDZD,,,,,
382,382,130.pdf,Available,OGSP/79000-08408/HD,,,,274AKCAIB4IRIZS,,,,,24AAACL0140PDZD,,,,,
383,383,130.pdf,Available,OGSP/79000-08408/HD,,,,274AKCAIB4IRIZS,,,,,24AAACL0140PDZD,,,,,
384,384,130.pdf,Available,OGSP/79000-08408/HD,,,,274AKCAIB4IRIZS,,,,,24AAACL0140PDZD,,,,,
385,385,130.pdf,Available,OGSP/79000-08408/HD,,,,274AKCAIB4IRIZS,,,,,24AAACL0140PDZD,,,,,
386,386,130.pdf,Available,OGSP/79000-08408/HD,,,,274AKCAIB4IRIZS,,,,,24AAACL0140PDZD,,,,,
387,387,130.pdf,Available,OGSP/79000-08408/HD,,,,274AKCAIB4IRIZS,,,,,24AAACL0140PDZD,,,,,
388,388,130.pdf,Available,OGSP/79000-08408/HD,,,,274AKCAIB4IRIZS,,,,,24AAACL0140PDZD,,,,,
389,389,130.pdf,Available,OGSP/79000-08408/HD,,,,274AKCAIB4IRIZS,,,,,24AAACL0140PDZD,,,,,
390,390,130.pdf,Available,OGSP/79000-08408/HD,,,,274AKCAIB4IRIZS,,,,,24AAACL0140PDZD,,,,,
391,391,130.pdf,Available,OGSP/79000-08408/HD,,,,274AKCAIB4IRIZS,,,,,24AAACL0140PDZD,,,,,
392,392,130.pdf,Available,OGSP/79000-08408/HD,,,,274AKCAIB4IRIZS,,,,,24AAACL0140PDZD,,,,,
393,393,130.pdf,Available,OGSP/79000-08408/HD,,,,274AKCAIB4IRIZS,,,,,24AAACL0140PDZD,,,,,
394,394,130.pdf,Available,OGSP/79000-08408/HD,,,,274AKCAIB4IRIZS,,,,,24AAACL0140PDZD,,,,,
395,395,130.pdf,Available,OGSP/79000-08408/HD,,,,274AKCAIB4IRIZS,,,,,24AAACL0140PDZD,,,,,
396,396,130.pdf,Available,OGSP/79000-08408/HD,,,,274AKCAIB4IRIZS,,,,,24AAACL0140PDZD,,,,,
397,397,130.pdf,Available,OGSP/79000-08408/HD,,,,274AKCAIB4IRIZS,,,,,24AAACL0140PDZD,,,,,
398,398,130.pdf,Available,OGSP/79000-08408/HD,,,,274AKCAIB4IRIZS,,,,,24AAACL0140PDZD,,,,,
399,399,130.pdf,Available,OGSP/79000-08408/HD,,,,274AKCAIB4IRIZS,,,,,24AAACL0140PDZD,,,,,
400,400,130.pdf,Available,OGSP/79000-08408/HD,,,,274AKCAIB4IRIZS,,,,,24AAACL0140PDZD,,,,,
401,401,130.pdf,Available,OGSP/79000-08408/HD,,,,274AKCAIB4IRIZS,,,,,24AAACL0140PDZD,,,,,
402,402,130.pdf,Available,OGSP/79000-08408/HD,,,,274AKCAIB4IRIZS,,,,,24AAACL0140PDZD,,,,,
403,403,130.pdf,Available,OGSP/79000-08408/HD,,,,274AKCAIB4IRIZS,,,,,24AAACL0140PDZD,,,,,
404,404,130.pdf,Available,OGSP/79000-08408/HD,,,,274AKCAIB4IRIZS,,,,,24AAACL0140PDZD,,,,,
405,405,130.pdf,Available,OGSP/79000-08408/HD,,,,274AKCAIB4IRIZS,,,,,24AAACL0140PDZD,,,,,
406,406,130.pdf,Available,OGSP/79000-08408/HD,,,,274AKCAIB4IRIZS,,,,,24AAACL0140PDZD,,,,,
407,407,130.pdf,Available,OGSP/79000-08408/HD,,,,274AKCAIB4IRIZS,,,,,24AAACL0140PDZD,,,,,
408,408,130.pdf,Available,OGSP/79000-08408/HD,,,,274AKCAIB4IRIZS,,,,,24AAACL0140PDZD,,,,,
409,409,130.pdf,Available,OGSP/79000-08408/HD,,,,274AKCAIB4IRIZS,,,,,24AAACL0140PDZD,,,,,
410,410,130.pdf,Available,OGSP/79000-08408/HD,,,,274AKCAIB4IRIZS,,,,,24AAACL0140PDZD,,,,,
411,411,130.pdf,Available,OGSP/79000-08408/HD,,,,274AKCAIB4IRIZS,,,,,24AAACL0140PDZD,,,,,
412,412,130.pdf,Available,OGSP/79000-08408/HD,,,,274AKCAIB4IRIZS,,,,,24AAACL0140PDZD,,,,,
413,413,130.pdf,Available,OGSP/79000-08408/HD,,,,274AKCAIB4IRIZS,,,,,24AAACL0140PDZD,,,,,
414,414,130.pdf,Available,OGSP/79000-08408/HD,,,,274AKCAIB4IRIZS,,,,,24AAACL0140PDZD,,,,,
415,415,130.pdf,Available,OGSP/79000-08408/HD,,,,274AKCAIB4IRIZS,,,,,24AAACL0140PDZD,,,,,
416,416,130.pdf,Available,OGSP/79000-08408/HD,,,,274AKCAIB4IRIZS,,,,,24AAACL0140PDZD,,,,,
417,417,130.pdf,Available,OGSP/79000-08408/HD,,,,274AKCAIB4IRIZS,,,,,24AAACL0140PDZD,,,,,
418,418,130.pdf,Available,OGSP/79000-08408/HD,,,,274AKCAIB4IRIZS,,,,,24AAACL0140PDZD,,,,,
419,419,130.pdf,Available,OGSP/79000-08408/HD,,,,274AKCAIB4IRIZS,,,,,24AAACL0140PDZD,,,,,
420,420,130.pdf,Available,OGSP/79000-08408/HD,,,,274AKCAIB4IRIZS,,,,,24AAACL0140PDZD,,,,,
421,421,130.pdf,Available,OGSP/79000-08408/HD,,,,274AKCAIB4IRIZS,,,,,24AAACL0140PDZD,,,,,
422,422,130.pdf,Available,OGSP/79000-08408/HD,,,,274AKCAIB4IRIZS,,,,,24AAACL0140PDZD,,,,,
423,423,130.pdf,Available,OGSP/79000-08408/HD,,,,274AKCAIB4IRIZS,,,,,24AAACL0140PDZD,,,,,
424,424,130.pdf,Available,OGSP/79000-08408/HD,,,,274AKCAIB4IRIZS,,,,,24AAACL0140PDZD,,,,,
425,425,130.pdf,Available,OGSP/79000-08408/HD,,,,274AKCAIB4IRIZS,,,,,24AAACL0140PDZD,,,,,
426,426,130.pdf,Available,OGSP/79000-08408/HD,,,,274AKCAIB4IRIZS,,,,,24AAACL0140PDZD,,,,,
427,427,130.pdf,Available,OGSP/79000-08408/HD,,,,274AKCAIB4IRIZS,,,,,24AAACL0140PDZD,,,,,
428,428,130.pdf,Available,OGSP/79000-08408/HD,,,,274AKCAIB4IRIZS,,,,,24AAACL0140PDZD,,,,,
429,429,130.pdf,Available,OGSP/79000-08408/HD,,,,274AKCAIB4IRIZS,,,,,24AAACL0140PDZD,,,,,
430,430,130.pdf,Available,OGSP/79000-08408/HD,,,,274AKCAIB4IRIZS,,,,,24AAACL0140PDZD,,,,,
431,431,130.pdf,Available,OGSP/79000-08408/HD,,,,274AKCAIB4IRIZS,,,,,24AAACL0140PDZD,,,,,
432,432,130.pdf,Available,OGSP/79000-08408/HD,,,,274AKCAIB4IRIZS,,,,,24AAACL0140PDZD,,,,,
433,433,130.pdf,Available,OGSP/79000-08408/HD,,,,274AKCAIB4IRIZS,,,,,24AAACL0140PDZD,,,,,
434,434,130.pdf,Available,OGSP/79000-08408/HD,,,,274AKCAIB4IRIZS,,,,,24AAACL0140PDZD,,,,,
435,435,130.pdf,Available,OGSP/79000-08408/HD,,,,274AKCAIB4IRIZS,,,,,24AAACL0140PDZD,,,,,
436,436,130.pdf,Available,OGSP/79000-08408/HD,,,,274AKCAIB4IRIZS,,,,,24AAACL0140PDZD,,,,,
437,437,130.pdf,Available,OGSP/79000-08408/HD,,,,274AKCAIB4IRIZS,,,,,24AAACL0140PDZD,,,,,
438,438,130.pdf,Available,OGSP/79000-08408/HD,,,,274AKCAIB4IRIZS,,,,,24AAACL0140PDZD,,,,,
439,439,130.pdf,Available,OGSP/79000-08408/HD,,,,274AKCAIB4IRIZS,,,,,24AAACL0140PDZD,,,,,
440,440,130.pdf,Available,OGSP/79000-08408/HD,,,,274AKCAIB4IRIZS,,,,,24AAACL0140PDZD,,,,,
441,441,130.pdf,Available,OGSP/79000-08408/HD,,,,274AKCAIB4IRIZS,,,,,24AAACL0140PDZD,,,,,
442,442,130.pdf,Available,OGSP/79000-08408/HD,,,,274AKCAIB4IRIZS,,,,,24AAACL0140PDZD,,,,,
443,443,130.pdf,Available,OGSP/79000-08408/HD,,,,274AKCAIB4IRIZS,,,,,24AAACL0140PDZD,,,,,
444,444,130.pdf,Available,OGSP/79000-08408/HD,,,,274AKCAIB4IRIZS,,,,,24AAACL0140PDZD,,,,,
445,445,130.pdf,Available,OGSP/79000-08408/HD,,,,274AKCAIB4IRIZS,,,,,24AAACL0140PDZD,,,,,
446,446,130.pdf,Available,OGSP/79000-08408/HD,,,,274AKCAIB4IRIZS,,,,,24AAACL0140PDZD,,,,,
447,447,130.pdf,Available,OGSP/79000-08408/HD,,,,274AKCAIB4IRIZS,,,,,24AAACL0140PDZD,,,,,
448,448,130.pdf,Available,OGSP/79000-08408/HD,,,,274AKCAIB4IRIZS,,,,,24AAACL0140PDZD,,,,,
449,449,130.pdf,Available,OGSP/79000-08408/HD,,,,274AKCAIB4IRIZS,,,,,24AAACL0140PDZD,,,,,
450,450,130.pdf,Available,OGSP/79000-08408/HD,,,,274AKCAIB4IRIZS,,,,,24AAACL0140PDZD,,,,,
451,451,130.pdf,Available,OGSP/79000-08408/HD,,,,274AKCAIB4IRIZS,,,,,24AAACL0140PDZD,,,,,
452,452,130.pdf,Available,OGSP/79000-08408/HD,,,,274AKCAIB4IRIZS,,,,,24AAACL0140PDZD,,,,,
453,453,130.pdf,Available,OGSP/79000-08408/HD,,,,274AKCAIB4IRIZS,,,,,24AAACL0140PDZD,,,,,
454,454,130.pdf,Available,OGSP/79000-08408/HD,,,,274AKCAIB4IRIZS,,,,,24AAACL0140PDZD,,,,,
455,455,130.pdf,Available,OGSP/79000-08408/HD,,,,274AKCAIB4IRIZS,,,,,24AAACL0140PDZD,,,,,
456,456,130.pdf,Available,OGSP/79000-08408/HD,,,,274AKCAIB4IRIZS,,,,,24AAACL0140PDZD,,,,,
457,457,130.pdf,Available,OGSP/79000-08408/HD,,,,274AKCAIB4IRIZS,,,,,24AAACL0140PDZD,,,,,
458,458,130.pdf,Available,OGSP/79000-08408/HD,,,,274AKCAIB4IRIZS,,,,,24AAACL0140PDZD,,,,,
459,459,130.pdf,Available,OGSP/79000-08408/HD,,,,274AKCAIB4IRIZS,,,,,24AAACL0140PDZD,,,,,
460,460,130.pdf,Available,OGSP/79000-08408/HD,,,,274AKCAIB4IRIZS,,,,,24AAACL0140PDZD,,,,,
461,461,130.pdf,Available,OGSP/79000-08408/HD,,,,274AKCAIB4IRIZS,,,,,24AAACL0140PDZD,,,,,
462,462,130.pdf,Available,OGSP/79000-08408/HD,,,,274AKCAIB4IRIZS,,,,,24AAACL0140PDZD,,,,,
463,463,130.pdf,Available,OGSP/79000-08408/HD,,,,274AKCAIB4IRIZS,,,,,24AAACL0140PDZD,,,,,
464,464,130.pdf,Available,OGSP/79000-08408/HD,,,,274AKCAIB4IRIZS,,,,,24AAACL0140PDZD,,,,,
465,465,130.pdf,Available,OGSP/79000-08408/HD,,,,274AKCAIB4IRIZS,,,,,24AAACL0140PDZD,,,,,
466,466,130.pdf,Available,OGSP/79000-08408/HD,,,,274AKCAIB4IRIZS,,,,,24AAACL0140PDZD,,,,,
467,467,130.pdf,Available,OGSP/79000-08408/HD,,,,274AKCAIB4IRIZS,,,,,24AAACL0140PDZD,,,,,
468,468,130.pdf,Available,OGSP/79000-08408/HD,,,,274AKCAIB4IRIZS,,,,,24AAACL0140PDZD,,,,,
469,469,130.pdf,Available,OGSP/79000-08408/HD,,,,274AKCAIB4IRIZS,,,,,24AAACL0140PDZD,,,,,
470,470,130.pdf,Available,OGSP/79000-08408/HD,,,,274AKCAIB4IRIZS,,,,,24AAACL0140PDZD,,,,,
471,471,130.pdf,Available,OGSP/79000-08408/HD,,,,274AKCAIB4IRIZS,,,,,24AAACL0140PDZD,,,,,
472,472,130.pdf,Available,OGSP/79000-08408/HD,,,,274AKCAIB4IRIZS,,,,,24AAACL0140PDZD,,,,,
473,473,130.pdf,Available,OGSP/79000-08408/HD,,,,274AKCAIB4IRIZS,,,,,24AAACL0140PDZD,,,,,
474,474,130.pdf,Available,OGSP/79000-08408/HD,,,,274AKCAIB4IRIZS,,,,,24AAACL0140PDZD,,,,,
475,475,130.pdf,Available,OGSP/79000-08408/HD,,,,274AKCAIB4IRIZS,,,,,24AAACL0140PDZD,,,,,
476,476,130.pdf,Available,OGSP/79000-08408/HD,,,,274AKCAIB4IRIZS,,,,,24AAACL0140PDZD,,,,,
477,477,130.pdf,Available,OGSP/79000-08408/HD,,,,274AKCAIB4IRIZS,,,,,24AAACL0140PDZD,,,,,
478,478,130.pdf,Available,OGSP/79000-08408/HD,,,,274AKCAIB4IRIZS,,,,,24AAACL0140PDZD,,,,,
479,479,130.pdf,Available,OGSP/79000-08408/HD,,,,274AKCAIB4IRIZS,,,,,24AAACL0140PDZD,,,,,
480,480,130.pdf,Available,OGSP/79000-08408/HD,,,,274AKCAIB4IRIZS,,,,,24AAACL0140PDZD,,,,,
481,481,130.pdf,Available,OGSP/79000-08408/HD,,,,274AKCAIB4IRIZS,,,,,24AAACL0140PDZD,,,,,
482,482,130.pdf,Available,OGSP/79000-08408/HD,,,,274AKCAIB4IRIZS,,,,,24AAACL0140PDZD,,,,,
483,483,130.pdf,Available,OGSP/79000-08408/HD,,,,274AKCAIB4IRIZS,,,,,24AAACL0140PDZD,,,,,
484,484,130.pdf,Available,OGSP/79000-08408/HD,,,,274AKCAIB4IRIZS,,,,,24AAACL0140PDZD,,,,,
485,485,130.pdf,Available,OGSP/79000-08408/HD,,,,274AKCAIB4IRIZS,,,,,24AAACL0140PDZD,,,,,
486,486,130.pdf,Available,OGSP/79000-08408/HD,,,,274AKCAIB4IRIZS,,,,,24AAACL0140PDZD,,,,,
487,487,130.pdf,Available,OGSP/79000-08408/HD,,,,274AKCAIB4IRIZS,,,,,24AAACL0140PDZD,,,,,
488,488,130.pdf,Available,OGSP/79000-08408/HD,,,,274AKCAIB4IRIZS,,,,,24AAACL0140PDZD,,,,,
489,489,130.pdf,Available,OGSP/79000-08408/HD,,,,274AKCAIB4IRIZS,,,,,24AAACL0140PDZD,,,,,
490,490,130.pdf,Available,OGSP/79000-08408/HD,,,,274AKCAIB4IRIZS,,,,,24AAACL0140PDZD,,,,,
491,491,130.pdf,Available,OGSP/79000-08408/HD,,,,274AKCAIB4IRIZS,,,,,24AAACL0140PDZD,,,,,
492,492,130.pdf,Available,OGSP/79000-08408/HD,,,,274AKCAIB4IRIZS,,,,,24AAACL0140PDZD,,,,,
493,493,130.pdf,Available,OGSP/79000-08408/HD,,,,274AKCAIB4IRIZS,,,,,24AAACL0140PDZD,,,,,
494,494,130.pdf,Available,OGSP/79000-08408/HD,,,,274AKCAIB4IRIZS,,,,,24AAACL0140PDZD,,,,,
495,495,130.pdf,Available,OGSP/79000-08408/HD,,,,274AKCAIB4IRIZS,,,,,24AAACL0140PDZD,,,,,
496,496,130.pdf,Available,OGSP/79000-08408/HD,,,,274AKCAIB4IRIZS,,,,,24AAACL0140PDZD,,,,,
497,497,130.pdf,Available,OGSP/79000-08408/HD,,,,274AKCAIB4IRIZS,,,,,24AAACL0140PDZD,,,,,
498,498,130.pdf,Available,OGSP/79000-08408/HD,,,,274AKCAIB4IRIZS,,,,,24AAACL0140PDZD,,,,,
499,499,130.pdf,Available,OGSP/79000-08408/HD,,,,274AKCAIB4IRIZS,,,,,24AAACL0140PDZD,,,,,
500,500,130.pdf,Available,OGSP/79000-08408/HD,,,,274AKCAIB4IRIZS,,,,,24AAACL0140PDZD,,,,,
501,501,130.pdf,Available,OGSP/79000-08408/HD,,,,274AKCAIB4IRIZS,,,,,24AAACL0140PDZD,,,,,
502,502,130.pdf,Available,OGSP/79000-08408/HD,,,,274AKCAIB4IRIZS,,,,,24AAACL0140PDZD,,,,,
503,503,130.pdf,Available,OGSP/79000-08408/HD,,,,274AKCAIB4IRIZS,,,,,24AAACL0140PDZD,,,,,
504,504,130.pdf,Available,OGSP/79000-08408/HD,,,,274AKCAIB4IRIZS,,,,,24AAACL0140PDZD,,,,,
505,505,130.pdf,Available,OGSP/79000-08408/HD,,,,274AKCAIB4IRIZS,,,,,24AAACL0140PDZD,,,,,
506,506,130.pdf,Available,OGSP/79000-08408/HD,,,,274AKCAIB4IRIZS,,,,,24AAACL0140PDZD,,,,,
507,507,130.pdf,Available,OGSP/79000-08408/HD,,,,274AKCAIB4IRIZS,,,,,24AAACL0140PDZD,,,,,
508,508,130.pdf,Available,OGSP/79000-08408/HD,,,,274AKCAIB4IRIZS,,,,,24AAACL0140PDZD,,,,,
509,509,130.pdf,Available,OGSP/79000-08408/HD,,,,274AKCAIB4IRIZS,,,,,24AAACL0140PDZD,,,,,
510,510,130.pdf,Available,OGSP/79000-08408/HD,,,,274AKCAIB4IRIZS,,,,,24AAACL0140PDZD,,,,,
511,511,130.pdf,Available,OGSP/79000-08408/HD,,,,274AKCAIB4IRIZS,,,,,24AAACL0140PDZD,,,,,
512,512,130.pdf,Available,OGSP/79000-08408/HD,,,,274AKCAIB4IRIZS,,,,,24AAACL0140PDZD,,,,,
513,513,130.pdf,Available,OGSP/79000-08408/HD,,,,274AKCAIB4IRIZS,,,,,24AAACL0140PDZD,,,,,
514,514,130.pdf,Available,OGSP/79000-08408/HD,,,,274AKCAIB4IRIZS,,,,,24AAACL0140PDZD,,,,,
515,515,130.pdf,Available,OGSP/79000-08408/HD,,,,274AKCAIB4IRIZS,,,,,24AAACL0140PDZD,,,,,
516,516,130.pdf,Available,OGSP/79000-08408/HD,,,,274AKCAIB4IRIZS,,,,,24AAACL0140PDZD,,,,,
517,517,130.pdf,Available,OGSP/79000-08408/HD,,,,274AKCAIB4IRIZS,,,,,24AAACL0140PDZD,,,,,
518,518,130.pdf,Available,OGSP/79000-08408/HD,,,,274AKCAIB4IRIZS,,,,,24AAACL0140PDZD,,,,,
519,519,130.pdf,Available,OGSP/79000-08408/HD,,,,274AKCAIB4IRIZS,,,,,24AAACL0140PDZD,,,,,
520,520,130.pdf,Available,OGSP/79000-08408/HD,,,,274AKCAIB4IRIZS,,,,,24AAACL0140PDZD,,,,,
521,521,130.pdf,Available,OGSP/79000-08408/HD,,,,274AKCAIB4IRIZS,,,,,24AAACL0140PDZD,,,,,
522,522,130.pdf,Available,OGSP/79000-08408/HD,,,,274AKCAIB4IRIZS,,,,,24AAACL0140PDZD,,,,,
523,523,130.pdf,Available,OGSP/79000-08408/HD,,,,274AKCAIB4IRIZS,,,,,24AAACL0140PDZD,,,,,
524,524,130.pdf,Available,OGSP/79000-08408/HD,,,,274AKCAIB4IRIZS,,,,,24AAACL0140PDZD,,,,,
525,525,130.pdf,Available,OGSP/79000-08408/HD,,,,274AKCAIB4IRIZS,,,,,24AAACL0140PDZD,,,,,
526,526,130.pdf,Available,OGSP/79000-08408/HD,,,,274AKCAIB4IRIZS,,,,,24AAACL0140PDZD,,,,,
527,527,130.pdf,Available,OGSP/79000-08408/HD,,,,274AKCAIB4IRIZS,,,,,24AAACL0140PDZD,,,,,
528,528,130.pdf,Available,OGSP/79000-08408/HD,,,,274AKCAIB4IRIZS,,,,,24AAACL0140PDZD,,,,,
529,529,130.pdf,Available,OGSP/79000-08408/HD,,,,274AKCAIB4IRIZS,,,,,24AAACL0140PDZD,,,,,
530,530,130.pdf,Available,OGSP/79000-08408/HD,,,,274AKCAIB4IRIZS,,,,,24AAACL0140PDZD,,,,,
531,531,130.pdf,Available,OGSP/79000-08408/HD,,,,274AKCAIB4IRIZS,,,,,24AAACL0140PDZD,,,,,
532,532,130.pdf,Available,OGSP/79000-08408/HD,,,,274AKCAIB4IRIZS,,,,,24AAACL0140PDZD,,,,,
533,533,130.pdf,Available,OGSP/79000-08408/HD,,,,274AKCAIB4IRIZS,,,,,24AAACL0140PDZD,,,,,
534,534,130.pdf,Available,OGSP/79000-08408/HD,,,,274AKCAIB4IRIZS,,,,,24AAACL0140PDZD,,,,,
535,535,130.pdf,Available,OGSP/79000-08408/HD,,,,274AKCAIB4IRIZS,,,,,24AAACL0140PDZD,,,,,
536,536,130.pdf,Available,OGSP/79000-08408/HD,,,,274AKCAIB4IRIZS,,,,,24AAACL0140PDZD,,,,,
537,537,130.pdf,Available,OGSP/79000-08408/HD,,,,274AKCAIB4IRIZS,,,,,24AAACL0140PDZD,,,,,
538,538,130.pdf,Available,OGSP/79000-08408/HD,,,,274AKCAIB4IRIZS,,,,,24AAACL0140PDZD,,,,,
539,539,130.pdf,Available,OGSP/79000-08408/HD,,,,274AKCAIB4IRIZS,,,,,24AAACL0140PDZD,,,,,
540,540,130.pdf,Available,OGSP/79000-08408/HD,,,,274AKCAIB4IRIZS,,,,,24AAACL0140PDZD,,,,,
541,541,130.pdf,Available,OGSP/79000-08408/HD,,,,274AKCAIB4IRIZS,,,,,24AAACL0140PDZD,,,,,
542,542,130.pdf,Available,OGSP/79000-08408/HD,,,,274AKCAIB4IRIZS,,,,,24AAACL0140PDZD,,,,,
543,543,130.pdf,Available,OGSP/79000-08408/HD,,,,274AKCAIB4IRIZS,,,,,24AAACL0140PDZD,,,,,
544,544,130.pdf,Available,OGSP/79000-08408/HD,,,,274AKCAIB4IRIZS,,,,,24AAACL0140PDZD,,,,,
545,545,130.pdf,Available,OGSP/79000-08408/HD,,,,274AKCAIB4IRIZS,,,,,24AAACL0140PDZD,,,,,
546,546,130.pdf,Available,OGSP/79000-08408/HD,,,,274AKCAIB4IRIZS,,,,,24AAACL0140PDZD,,,,,
547,547,130.pdf,Available,OGSP/79000-08408/HD,,,,274AKCAIB4IRIZS,,,,,24AAACL0140PDZD,,,,,
548,548,130.pdf,Available,OGSP/79000-08408/HD,,,,274AKCAIB4IRIZS,,,,,24AAACL0140PDZD,,,,,
549,549,130.pdf,Available,OGSP/79000-08408/HD,,,,274AKCAIB4IRIZS,,,,,24AAACL0140PDZD,,,,,
550,550,130.pdf,Available,OGSP/79000-08408/HD,,,,274AKCAIB4IRIZS,,,,,24AAACL0140PDZD,,,,,
551,551,130.pdf,Available,OGSP/79000-08408/HD,,,,274AKCAIB4IRIZS,,,,,24AAACL0140PDZD,,,,,
552,552,130.pdf,Available,OGSP/79000-08408/HD,,,,274AKCAIB4IRIZS,,,,,24AAACL0140PDZD,,,,,
553,553,130.pdf,Available,OGSP/79000-08408/HD,,,,274AKCAIB4IRIZS,,,,,24AAACL0140PDZD,,,,,
554,554,130.pdf,Available,OGSP/79000-08408/HD,,,,274AKCAIB4IRIZS,,,,,24AAACL0140PDZD,,,,,
555,555,130.pdf,Available,OGSP/79000-08408/HD,,,,274AKCAIB4IRIZS,,,,,24AAACL0140PDZD,,,,,
556,556,130.pdf,Available,OGSP/79000-08408/HD,,,,274AKCAIB4IRIZS,,,,,24AAACL0140PDZD,,,,,
557,557,130.pdf,Available,OGSP/79000-08408/HD,,,,274AKCAIB4IRIZS,,,,,24AAACL0140PDZD,,,,,
558,558,130.pdf,Available,OGSP/79000-08408/HD,,,,274AKCAIB4IRIZS,,,,,24AAACL0140PDZD,,,,,
559,559,130.pdf,Available,OGSP/79000-08408/HD,,,,274AKCAIB4IRIZS,,,,,24AAACL0140PDZD,,,,,
560,560,130.pdf,Available,OGSP/79000-08408/HD,,,,274AKCAIB4IRIZS,,,,,24AAACL0140PDZD,,,,,
561,561,130.pdf,Available,OGSP/79000-08408/HD,,,,274AKCAIB4IRIZS,,,,,24AAACL0140PDZD,,,,,
562,562,130.pdf,Available,OGSP/79000-08408/HD,,,,274AKCAIB4IRIZS,,,,,24AAACL0140PDZD,,,,,
563,563,130.pdf,Available,OGSP/79000-08408/HD,,,,274AKCAIB4IRIZS,,,,,24AAACL0140PDZD,,,,,
564,564,130.pdf,Available,OGSP/79000-08408/HD,,,,274AKCAIB4IRIZS,,,,,24AAACL0140PDZD,,,,,
565,565,130.pdf,Available,OGSP/79000-08408/HD,,,,274AKCAIB4IRIZS,,,,,24AAACL0140PDZD,,,,,
566,566,130.pdf,Available,OGSP/79000-08408/HD,,,,274AKCAIB4IRIZS,,,,,24AAACL0140PDZD,,,,,
567,567,130.pdf,Available,OGSP/79000-08408/HD,,,,274AKCAIB4IRIZS,,,,,24AAACL0140PDZD,,,,,
568,568,130.pdf,Available,OGSP/79000-08408/HD,,,,274AKCAIB4IRIZS,,,,,24AAACL0140PDZD,,,,,
569,569,130.pdf,Available,OGSP/79000-08408/HD,,,,274AKCAIB4IRIZS,,,,,24AAACL0140PDZD,,,,,
570,570,130.pdf,Available,OGSP/79000-08408/HD,,,,274AKCAIB4IRIZS,,,,,24AAACL0140PDZD,,,,,
571,571,130.pdf,Available,OGSP/79000-08408/HD,,,,274AKCAIB4IRIZS,,,,,24AAACL0140PDZD,,,,,
572,572,130.pdf,Available,OGSP/79000-08408/HD,,,,274AKCAIB4IRIZS,,,,,24AAACL0140PDZD,,,,,
573,573,130.pdf,Available,OGSP/79000-08408/HD,,,,274AKCAIB4IRIZS,,,,,24AAACL0140PDZD,,,,,
574,574,130.pdf,Available,OGSP/79000-08408/HD,,,,274AKCAIB4IRIZS,,,,,24AAACL0140PDZD,,,,,
575,575,130.pdf,Available,OGSP/79000-08408/HD,,,,274AKCAIB4IRIZS,,,,,24AAACL0140PDZD,,,,,
576,576,130.pdf,Available,OGSP/79000-08408/HD,,,,274AKCAIB4IRIZS,,,,,24AAACL0140PDZD,,,,,
577,577,130.pdf,Available,OGSP/79000-08408/HD,,,,274AKCAIB4IRIZS,,,,,24AAACL0140PDZD,,,,,
578,578,130.pdf,Available,OGSP/79000-08408/HD,,,,274AKCAIB4IRIZS,,,,,24AAACL0140PDZD,,,,,
579,579,130.pdf,Available,OGSP/79000-08408/HD,,,,274AKCAIB4IRIZS,,,,,24AAACL0140PDZD,,,,,
580,580,130.pdf,Available,OGSP/79000-08408/HD,,,,274AKCAIB4IRIZS,,,,,24AAACL0140PDZD,,,,,
581,581,130.pdf,Available,OGSP/79000-08408/HD,,,,274AKCAIB4IRIZS,,,,,24AAACL0140PDZD,,,,,
582,582,130.pdf,Available,OGSP/79000-08408/HD,,,,274AKCAIB4IRIZS,,,,,24AAACL0140PDZD,,,,,
583,583,130.pdf,Available,OGSP/79000-08408/HD,,,,274AKCAIB4IRIZS,,,,,24AAACL0140PDZD,,,,,
584,584,130.pdf,Available,OGSP/79000-08408/HD,,,,274AKCAIB4IRIZS,,,,,24AAACL0140PDZD,,,,,
585,585,130.pdf,Available,OGSP/79000-08408/HD,,,,274AKCAIB4IRIZS,,,,,24AAACL0140PDZD,,,,,
586,586,130.pdf,Available,OGSP/79000-08408/HD,,,,274AKCAIB4IRIZS,,,,,24AAACL0140PDZD,,,,,
587,587,130.pdf,Available,OGSP/79000-08408/HD,,,,274AKCAIB4IRIZS,,,,,24AAACL0140PDZD,,,,,
588,588,130.pdf,Available,OGSP/79000-08408/HD,,,,274AKCAIB4IRIZS,,,,,24AAACL0140PDZD,,,,,
589,589,130.pdf,Available,OGSP/79000-08408/HD,,,,274AKCAIB4IRIZS,,,,,24AAACL0140PDZD,,,,,
590,590,130.pdf,Available,OGSP/79000-08408/HD,,,,274AKCAIB4IRIZS,,,,,24AAACL0140PDZD,,,,,
591,591,130.pdf,Available,OGSP/79000-08408/HD,,,,274AKCAIB4IRIZS,,,,,24AAACL0140PDZD,,,,,
592,592,130.pdf,Available,OGSP/79000-08408/HD,,,,274AKCAIB4IRIZS,,,,,24AAACL0140PDZD,,,,,
593,593,130.pdf,Available,OGSP/79000-08408/HD,,,,274AKCAIB4IRIZS,,,,,24AAACL0140PDZD,,,,,
594,594,130.pdf,Available,OGSP/79000-08408/HD,,,,274AKCAIB4IRIZS,,,,,24AAACL0140PDZD,,,,,
595,595,130.pdf,Available,OGSP/79000-08408/HD,,,,274AKCAIB4IRIZS,,,,,24AAACL0140PDZD,,,,,
596,596,130.pdf,Available,OGSP/79000-08408/HD,,,,274AKCAIB4IRIZS,,,,,24AAACL0140PDZD,,,,,
597,597,130.pdf,Available,OGSP/79000-08408/HD,,,,274AKCAIB4IRIZS,,,,,24AAACL0140PDZD,,,,,
598,598,130.pdf,Available,OGSP/79000-08408/HD,,,,274AKCAIB4IRIZS,,,,,24AAACL0140PDZD,,,,,
599,599,130.pdf,Available,OGSP/79000-08408/HD,,,,274AKCAIB4IRIZS,,,,,24AAACL0140PDZD,,,,,
600,600,130.pdf,Available,OGSP/79000-08408/HD,,,,274AKCAIB4IRIZS,,,,,24AAACL0140PDZD,,,,,
601,601,130.pdf,Available,OGSP/79000-08408/HD,,,,274AKCAIB4IRIZS,,,,,24AAACL0140PDZD,,,,,
602,602,130.pdf,Available,OGSP/79000-08408/HD,,,,274AKCAIB4IRIZS,,,,,24AAACL0140PDZD,,,,,
603,603,130.pdf,Available,OGSP/79000-08408/HD,,,,274AKCAIB4IRIZS,,,,,24AAACL0140PDZD,,,,,
604,604,130.pdf,Available,OGSP/79000-08408/HD,,,,274AKCAIB4IRIZS,,,,,24AAACL0140PDZD,,,,,
605,605,130.pdf,Available,OGSP/79000-08408/HD,,,,274AKCAIB4IRIZS,,,,,24AAACL0140PDZD,,,,,
606,606,130.pdf,Available,OGSP/79000-08408/HD,,,,274AKCAIB4IRIZS,,,,,24AAACL0140PDZD,,,,,
607,607,130.pdf,Available,OGSP/79000-08408/HD,,,,274AKCAIB4IRIZS,,,,,24AAACL0140PDZD,,,,,
608,608,130.pdf,Available,OGSP/79000-08408/HD,,,,274AKCAIB4IRIZS,,,,,24AAACL0140PDZD,,,,,
609,609,130.pdf,Available,OGSP/79000-08408/HD,,,,274AKCAIB4IRIZS,,,,,24AAACL0140PDZD,,,,,
610,610,130.pdf,Available,OGSP/79000-08408/HD,,,,274AKCAIB4IRIZS,,,,,24AAACL0140PDZD,,,,,
611,611,130.pdf,Available,OGSP/79000-08408/HD,,,,274AKCAIB4IRIZS,,,,,24AAACL0140PDZD,,,,,
612,612,130.pdf,Available,OGSP/79000-08408/HD,,,,274AKCAIB4IRIZS,,,,,24AAACL0140PDZD,,,,,
613,613,130.pdf,Available,OGSP/79000-08408/HD,,,,274AKCAIB4IRIZS,,,,,24AAACL0140PDZD,,,,,
614,614,130.pdf,Available,OGSP/79000-08408/HD,,,,274AKCAIB4IRIZS,,,,,24AAACL0140PDZD,,,,,
615,615,130.pdf,Available,OGSP/79000-08408/HD,,,,274AKCAIB4IRIZS,,,,,24AAACL0140PDZD,,,,,
616,616,130.pdf,Available,OGSP/79000-08408/HD,,,,274AKCAIB4IRIZS,,,,,24AAACL0140PDZD,,,,,
617,617,130.pdf,Available,OGSP/79000-08408/HD,,,,274AKCAIB4IRIZS,,,,,24AAACL0140PDZD,,,,,
618,618,130.pdf,Available,OGSP/79000-08408/HD,,,,274AKCAIB4IRIZS,,,,,24AAACL0140PDZD,,,,,
619,619,130.pdf,Available,OGSP/79000-08408/HD,,,,274AKCAIB4IRIZS,,,,,24AAACL0140PDZD,,,,,
620,620,130.pdf,Available,OGSP/79000-08408/HD,,,,274AKCAIB4IRIZS,,,,,24AAACL0140PDZD,,,,,
621,621,130.pdf,Available,OGSP/79000-08408/HD,,,,274AKCAIB4IRIZS,,,,,24AAACL0140PDZD,,,,,
622,622,130.pdf,Available,OGSP/79000-08408/HD,,,,274AKCAIB4IRIZS,,,,,24AAACL0140PDZD,,,,,
623,623,130.pdf,Available,OGSP/79000-08408/HD,,,,274AKCAIB4IRIZS,,,,,24AAACL0140PDZD,,,,,
624,624,130.pdf,Available,OGSP/79000-08408/HD,,,,274AKCAIB4IRIZS,,,,,24AAACL0140PDZD,,,,,
625,625,130.pdf,Available,OGSP/79000-08408/HD,,,,274AKCAIB4IRIZS,,,,,24AAACL0140PDZD,,,,,
626,626,130.pdf,Available,OGSP/79000-08408/HD,,,,274AKCAIB4IRIZS,,,,,24AAACL0140PDZD,,,,,
627,627,130.pdf,Available,OGSP/79000-08408/HD,,,,274AKCAIB4IRIZS,,,,,24AAACL0140PDZD,,,,,
628,628,130.pdf,Available,OGSP/79000-08408/HD,,,,274AKCAIB4IRIZS,,,,,24AAACL0140PDZD,,,,,
629,629,130.pdf,Available,OGSP/79000-08408/HD,,,,274AKCAIB4IRIZS,,,,,24AAACL0140PDZD,,,,,
630,630,130.pdf,Available,OGSP/79000-08408/HD,,,,274AKCAIB4IRIZS,,,,,24AAACL0140PDZD,,,,,
631,631,130.pdf,Available,OGSP/79000-08408/HD,,,,274AKCAIB4IRIZS,,,,,24AAACL0140PDZD,,,,,
632,632,130.pdf,Available,OGSP/79000-08408/HD,,,,274AKCAIB4IRIZS,,,,,24AAACL0140PDZD,,,,,
633,633,130.pdf,Available,OGSP/79000-08408/HD,,,,274AKCAIB4IRIZS,,,,,24AAACL0140PDZD,,,,,
634,634,130.pdf,Available,OGSP/79000-08408/HD,,,,274AKCAIB4IRIZS,,,,,24AAACL0140PDZD,,,,,
635,635,130.pdf,Available,OGSP/79000-08408/HD,,,,274AKCAIB4IRIZS,,,,,24AAACL0140PDZD,,,,,
636,636,130.pdf,Available,OGSP/79000-08408/HD,,,,274AKCAIB4IRIZS,,,,,24AAACL0140PDZD,,,,,
637,637,130.pdf,Available,OGSP/79000-08408/HD,,,,274AKCAIB4IRIZS,,,,,24AAACL0140PDZD,,,,,
638,638,130.pdf,Available,OGSP/79000-08408/HD,,,,274AKCAIB4IRIZS,,,,,24AAACL0140PDZD,,,,,
639,639,130.pdf,Available,OGSP/79000-08408/HD,,,,274AKCAIB4IRIZS,,,,,24AAACL0140PDZD,,,,,
640,640,130.pdf,Available,OGSP/79000-08408/HD,,,,274AKCAIB4IRIZS,,,,,24AAACL0140PDZD,,,,,
641,641,130.pdf,Available,OGSP/79000-08408/HD,,,,274AKCAIB4IRIZS,,,,,24AAACL0140PDZD,,,,,
642,642,130.pdf,Available,OGSP/79000-08408/HD,,,,274AKCAIB4IRIZS,,,,,24AAACL0140PDZD,,,,,
643,643,130.pdf,Available,OGSP/79000-08408/HD,,,,274AKCAIB4IRIZS,,,,,24AAACL0140PDZD,,,,,
644,644,130.pdf,Available,OGSP/79000-08408/HD,,,,274AKCAIB4IRIZS,,,,,24AAACL0140PDZD,,,,,
645,645,130.pdf,Available,OGSP/79000-08408/HD,,,,274AKCAIB4IRIZS,,,,,24AAACL0140PDZD,,,,,
646,646,130.pdf,Available,OGSP/79000-08408/HD,,,,274AKCAIB4IRIZS,,,,,24AAACL0140PDZD,,,,,
647,647,130.pdf,Available,OGSP/79000-08408/HD,,,,274AKCAIB4IRIZS,,,,,24AAACL0140PDZD,,,,,
648,648,130.pdf,Available,OGSP/79000-08408/HD,,,,274AKCAIB4IRIZS,,,,,24AAACL0140PDZD,,,,,
649,649,130.pdf,Available,OGSP/79000-08408/HD,,,,274AKCAIB4IRIZS,,,,,24AAACL0140PDZD,,,,,
650,650,130.pdf,Available,OGSP/79000-08408/HD,,,,274AKCAIB4IRIZS,,,,,24AAACL0140PDZD,,,,,
651,651,130.pdf,Available,OGSP/79000-08408/HD,,,,274AKCAIB4IRIZS,,,,,24AAACL0140PDZD,,,,,
652,652,130.pdf,Available,OGSP/79000-08408/HD,,,,274AKCAIB4IRIZS,,,,,24AAACL0140PDZD,,,,,
653,653,130.pdf,Available,OGSP/79000-08408/HD,,,,274AKCAIB4IRIZS,,,,,24AAACL0140PDZD,,,,,
654,654,130.pdf,Available,OGSP/79000-08408/HD,,,,274AKCAIB4IRIZS,,,,,24AAACL0140PDZD,,,,,
655,655,130.pdf,Available,OGSP/79000-08408/HD,,,,274AKCAIB4IRIZS,,,,,24AAACL0140PDZD,,,,,
656,656,130.pdf,Available,OGSP/79000-08408/HD,,,,274AKCAIB4IRIZS,,,,,24AAACL0140PDZD,,,,,
657,657,130.pdf,Available,OGSP/79000-08408/HD,,,,274AKCAIB4IRIZS,,,,,24AAACL0140PDZD,,,,,
658,658,130.pdf,Available,OGSP/79000-08408/HD,,,,274AKCAIB4IRIZS,,,,,24AAACL0140PDZD,,,,,
659,659,130.pdf,Available,OGSP/79000-08408/HD,,,,274AKCAIB4IRIZS,,,,,24AAACL0140PDZD,,,,,
660,660,130.pdf,Available,OGSP/79000-08408/HD,,,,274AKCAIB4IRIZS,,,,,24AAACL0140PDZD,,,,,
661,661,130.pdf,Available,OGSP/79000-08408/HD,,,,274AKCAIB4IRIZS,,,,,24AAACL0140PDZD,,,,,
662,662,130.pdf,Available,OGSP/79000-08408/HD,,,,274AKCAIB4IRIZS,,,,,24AAACL0140PDZD,,,,,
663,663,130.pdf,Available,OGSP/79000-08408/HD,,,,274AKCAIB4IRIZS,,,,,24AAACL0140PDZD,,,,,
664,664,130.pdf,Available,OGSP/79000-08408/HD,,,,274AKCAIB4IRIZS,,,,,24AAACL0140PDZD,,,,,
665,665,130.pdf,Available,OGSP/79000-08408/HD,,,,274AKCAIB4IRIZS,,,,,24AAACL0140PDZD,,,,,
666,666,130.pdf,Available,OGSP/79000-08408/HD,,,,274AKCAIB4IRIZS,,,,,24AAACL0140PDZD,,,,,
667,667,130.pdf,Available,OGSP/79000-08408/HD,,,,274AKCAIB4IRIZS,,,,,24AAACL0140PDZD,,,,,
668,668,130.pdf,Available,OGSP/79000-08408/HD,,,,274AKCAIB4IRIZS,,,,,24AAACL0140PDZD,,,,,
669,669,130.pdf,Available,OGSP/79000-08408/HD,,,,274AKCAIB4IRIZS,,,,,24AAACL0140PDZD,,,,,
670,670,130.pdf,Available,OGSP/79000-08408/HD,,,,274AKCAIB4IRIZS,,,,,24AAACL0140PDZD,,,,,
671,671,130.pdf,Available,OGSP/79000-08408/HD,,,,274AKCAIB4IRIZS,,,,,24AAACL0140PDZD,,,,,
672,672,130.pdf,Available,OGSP/79000-08408/HD,,,,274AKCAIB4IRIZS,,,,,24AAACL0140PDZD,,,,,
673,673,130.pdf,Available,OGSP/79000-08408/HD,,,,274AKCAIB4IRIZS,,,,,24AAACL0140PDZD,,,,,
674,674,130.pdf,Available,OGSP/79000-08408/HD,,,,274AKCAIB4IRIZS,,,,,24AAACL0140PDZD,,,,,
675,675,130.pdf,Available,OGSP/79000-08408/HD,,,,274AKCAIB4IRIZS,,,,,24AAACL0140PDZD,,,,,
676,676,130.pdf,Available,OGSP/79000-08408/HD,,,,274AKCAIB4IRIZS,,,,,24AAACL0140PDZD,,,,,
677,677,130.pdf,Available,OGSP/79000-08408/HD,,,,274AKCAIB4IRIZS,,,,,24AAACL0140PDZD,,,,,
678,678,130.pdf,Available,OGSP/79000-08408/HD,,,,274AKCAIB4IRIZS,,,,,24AAACL0140PDZD,,,,,
679,679,130.pdf,Available,OGSP/79000-08408/HD,,,,274AKCAIB4IRIZS,,,,,24AAACL0140PDZD,,,,,
680,680,130.pdf,Available,OGSP/79000-08408/HD,,,,274AKCAIB4IRIZS,,,,,24AAACL0140PDZD,,,,,
681,681,130.pdf,Available,OGSP/79000-08408/HD,,,,274AKCAIB4IRIZS,,,,,24AAACL0140PDZD,,,,,
682,682,130.pdf,Available,OGSP/79000-08408/HD,,,,274AKCAIB4IRIZS,,,,,24AAACL0140PDZD,,,,,
683,683,130.pdf,Available,OGSP/79000-08408/HD,,,,274AKCAIB4IRIZS,,,,,24AAACL0140PDZD,,,,,
684,684,130.pdf,Available,OGSP/79000-08408/HD,,,,274AKCAIB4IRIZS,,,,,24AAACL0140PDZD,,,,,
685,685,130.pdf,Available,OGSP/79000-08408/HD,,,,274AKCAIB4IRIZS,,,,,24AAACL0140PDZD,,,,,
686,686,130.pdf,Available,OGSP/79000-08408/HD,,,,274AKCAIB4IRIZS,,,,,24AAACL0140PDZD,,,,,
687,687,130.pdf,Available,OGSP/79000-08408/HD,,,,274AKCAIB4IRIZS,,,,,24AAACL0140PDZD,,,,,
688,688,130.pdf,Available,OGSP/79000-08408/HD,,,,274AKCAIB4IRIZS,,,,,24AAACL0140PDZD,,,,,
689,689,130.pdf,Available,OGSP/79000-08408/HD,,,,274AKCAIB4IRIZS,,,,,24AAACL0140PDZD,,,,,
690,690,130.pdf,Available,OGSP/79000-08408/HD,,,,274AKCAIB4IRIZS,,,,,24AAACL0140PDZD,,,,,
691,691,130.pdf,Available,OGSP/79000-08408/HD,,,,274AKCAIB4IRIZS,,,,,24AAACL0140PDZD,,,,,
692,692,130.pdf,Available,OGSP/79000-08408/HD,,,,274AKCAIB4IRIZS,,,,,24AAACL0140PDZD,,,,,
693,693,130.pdf,Available,OGSP/79000-08408/HD,,,,274AKCAIB4IRIZS,,,,,24AAACL0140PDZD,,,,,
694,694,130.pdf,Available,OGSP/79000-08408/HD,,,,274AKCAIB4IRIZS,,,,,24AAACL0140PDZD,,,,,
695,695,130.pdf,Available,OGSP/79000-08408/HD,,,,274AKCAIB4IRIZS,,,,,24AAACL0140PDZD,,,,,
696,696,130.pdf,Available,OGSP/79000-08408/HD,,,,274AKCAIB4IRIZS,,,,,24AAACL0140PDZD,,,,,
697,697,130.pdf,Available,OGSP/79000-08408/HD,,,,274AKCAIB4IRIZS,,,,,24AAACL0140PDZD,,,,,
698,698,130.pdf,Available,OGSP/79000-08408/HD,,,,274AKCAIB4IRIZS,,,,,24AAACL0140PDZD,,,,,
699,699,130.pdf,Available,OGSP/79000-08408/HD,,,,274AKCAIB4IRIZS,,,,,24AAACL0140PDZD,,,,,
700,700,130.pdf,Available,OGSP/79000-08408/HD,,,,274AKCAIB4IRIZS,,,,,24AAACL0140PDZD,,,,,
701,701,130.pdf,Available,OGSP/79000-08408/HD,,,,274AKCAIB4IRIZS,,,,,24AAACL0140PDZD,,,,,
702,702,130.pdf,Available,OGSP/79000-08408/HD,,,,274AKCAIB4IRIZS,,,,,24AAACL0140PDZD,,,,,
703,703,130.pdf,Available,OGSP/79000-08408/HD,,,,274AKCAIB4IRIZS,,,,,24AAACL0140PDZD,,,,,
704,704,130.pdf,Available,OGSP/79000-08408/HD,,,,274AKCAIB4IRIZS,,,,,24AAACL0140PDZD,,,,,
705,705,130.pdf,Available,OGSP/79000-08408/HD,,,,274AKCAIB4IRIZS,,,,,24AAACL0140PDZD,,,,,
706,706,130.pdf,Available,OGSP/79000-08408/HD,,,,274AKCAIB4IRIZS,,,,,24AAACL0140PDZD,,,,,
707,707,130.pdf,Available,OGSP/79000-08408/HD,,,,274AKCAIB4IRIZS,,,,,24AAACL0140PDZD,,,,,
708,708,130.pdf,Available,OGSP/79000-08408/HD,,,,274AKCAIB4IRIZS,,,,,24AAACL0140PDZD,,,,,
709,709,130.pdf,Available,OGSP/79000-08408/HD,,,,274AKCAIB4IRIZS,,,,,24AAACL0140PDZD,,,,,
710,710,130.pdf,Available,OGSP/79000-08408/HD,,,,274AKCAIB4IRIZS,,,,,24AAACL0140PDZD,,,,,
711,711,130.pdf,Available,OGSP/79000-08408/HD,,,,274AKCAIB4IRIZS,,,,,24AAACL0140PDZD,,,,,
712,712,130.pdf,Available,OGSP/79000-08408/HD,,,,274AKCAIB4IRIZS,,,,,24AAACL0140PDZD,,,,,
713,713,130.pdf,Available,OGSP/79000-08408/HD,,,,274AKCAIB4IRIZS,,,,,24AAACL0140PDZD,,,,,
714,714,130.pdf,Available,OGSP/79000-08408/HD,,,,274AKCAIB4IRIZS,,,,,24AAACL0140PDZD,,,,,
715,715,130.pdf,Available,OGSP/79000-08408/HD,,,,274AKCAIB4IRIZS,,,,,24AAACL0140PDZD,,,,,
716,716,130.pdf,Available,OGSP/79000-08408/HD,,,,274AKCAIB4IRIZS,,,,,24AAACL0140PDZD,,,,,
717,717,130.pdf,Available,OGSP/79000-08408/HD,,,,274AKCAIB4IRIZS,,,,,24AAACL0140PDZD,,,,,
718,718,130.pdf,Available,OGSP/79000-08408/HD,,,,274AKCAIB4IRIZS,,,,,24AAACL0140PDZD,,,,,
719,719,130.pdf,Available,OGSP/79000-08408/HD,,,,274AKCAIB4IRIZS,,,,,24AAACL0140PDZD,,,,,
720,720,130.pdf,Available,OGSP/79000-08408/HD,,,,274AKCAIB4IRIZS,,,,,24AAACL0140PDZD,,,,,
721,721,130.pdf,Available,OGSP/79000-08408/HD,,,,274AKCAIB4IRIZS,,,,,24AAACL0140PDZD,,,,,
722,722,130.pdf,Available,OGSP/79000-08408/HD,,,,274AKCAIB4IRIZS,,,,,24AAACL0140PDZD,,,,,
723,723,130.pdf,Available,OGSP/79000-08408/HD,,,,274AKCAIB4IRIZS,,,,,24AAACL0140PDZD,,,,,
724,724,130.pdf,Available,OGSP/79000-08408/HD,,,,274AKCAIB4IRIZS,,,,,24AAACL0140PDZD,,,,,
725,725,130.pdf,Available,OGSP/79000-08408/HD,,,,274AKCAIB4IRIZS,,,,,24AAACL0140PDZD,,,,,
726,726,130.pdf,Available,OGSP/79000-08408/HD,,,,274AKCAIB4IRIZS,,,,,24AAACL0140PDZD,,,,,
727,727,130.pdf,Available,OGSP/79000-08408/HD,,,,274AKCAIB4IRIZS,,,,,24AAACL0140PDZD,,,,,
728,728,130.pdf,Available,OGSP/79000-08408/HD,,,,274AKCAIB4IRIZS,,,,,24AAACL0140PDZD,,,,,
729,729,130.pdf,Available,OGSP/79000-08408/HD,,,,274AKCAIB4IRIZS,,,,,24AAACL0140PDZD,,,,,
730,730,130.pdf,Available,OGSP/79000-08408/HD,,,,274AKCAIB4IRIZS,,,,,24AAACL0140PDZD,,,,,
731,731,130.pdf,Available,OGSP/79000-08408/HD,,,,274AKCAIB4IRIZS,,,,,24AAACL0140PDZD,,,,,
732,732,130.pdf,Available,OGSP/79000-08408/HD,,,,274AKCAIB4IRIZS,,,,,24AAACL0140PDZD,,,,,
733,733,130.pdf,Available,OGSP/79000-08408/HD,,,,274AKCAIB4IRIZS,,,,,24AAACL0140PDZD,,,,,
734,734,130.pdf,Available,OGSP/79000-08408/HD,,,,274AKCAIB4IRIZS,,,,,24AAACL0140PDZD,,,,,
735,735,130.pdf,Available,OGSP/79000-08408/HD,,,,274AKCAIB4IRIZS,,,,,24AAACL0140PDZD,,,,,
736,736,130.pdf,Available,OGSP/79000-08408/HD,,,,274AKCAIB4IRIZS,,,,,24AAACL0140PDZD,,,,,
737,737,130.pdf,Available,OGSP/79000-08408/HD,,,,274AKCAIB4IRIZS,,,,,24AAACL0140PDZD,,,,,
738,738,130.pdf,Available,OGSP/79000-08408/HD,,,,274AKCAIB4IRIZS,,,,,24AAACL0140PDZD,,,,,
739,739,130.pdf,Available,OGSP/79000-08408/HD,,,,274AKCAIB4IRIZS,,,,,24AAACL0140PDZD,,,,,
740,740,130.pdf,Available,OGSP/79000-08408/HD,,,,274AKCAIB4IRIZS,,,,,24AAACL0140PDZD,,,,,
741,741,130.pdf,Available,OGSP/79000-08408/HD,,,,274AKCAIB4IRIZS,,,,,24AAACL0140PDZD,,,,,
742,742,130.pdf,Available,OGSP/79000-08408/HD,,,,274AKCAIB4IRIZS,,,,,24AAACL0140PDZD,,,,,
743,743,130.pdf,Available,OGSP/79000-08408/HD,,,,274AKCAIB4IRIZS,,,,,24AAACL0140PDZD,,,,,
744,744,130.pdf,Available,OGSP/79000-08408/HD,,,,274AKCAIB4IRIZS,,,,,24AAACL0140PDZD,,,,,
745,745,130.pdf,Available,OGSP/79000-08408/HD,,,,274AKCAIB4IRIZS,,,,,24AAACL0140PDZD,,,,,
746,746,130.pdf,Available,OGSP/79000-08408/HD,,,,274AKCAIB4IRIZS,,,,,24AAACL0140PDZD,,,,,
747,747,130.pdf,Available,OGSP/79000-08408/HD,,,,274AKCAIB4IRIZS,,,,,24AAACL0140PDZD,,,,,
748,748,130.pdf,Available,OGSP/79000-08408/HD,,,,274AKCAIB4IRIZS,,,,,24AAACL0140PDZD,,,,,
749,749,130.pdf,Available,OGSP/79000-08408/HD,,,,274AKCAIB4IRIZS,,,,,24AAACL0140PDZD,,,,,
750,750,130.pdf,Available,OGSP/79000-08408/HD,,,,274AKCAIB4IRIZS,,,,,24AAACL0140PDZD,,,,,
751,751,130.pdf,Available,OGSP/79000-08408/HD,,,,274AKCAIB4IRIZS,,,,,24AAACL0140PDZD,,,,,
752,752,130.pdf,Available,OGSP/79000-08408/HD,,,,274AKCAIB4IRIZS,,,,,24AAACL0140PDZD,,,,,
753,753,130.pdf,Available,OGSP/79000-08408/HD,,,,274AKCAIB4IRIZS,,,,,24AAACL0140PDZD,,,,,
754,754,130.pdf,Available,OGSP/79000-08408/HD,,,,274AKCAIB4IRIZS,,,,,24AAACL0140PDZD,,,,,
755,755,130.pdf,Available,OGSP/79000-08408/HD,,,,274AKCAIB4IRIZS,,,,,24AAACL0140PDZD,,,,,
756,756,130.pdf,Available,OGSP/79000-08408/HD,,,,274AKCAIB4IRIZS,,,,,24AAACL0140PDZD,,,,,
757,757,130.pdf,Available,OGSP/79000-08408/HD,,,,274AKCAIB4IRIZS,,,,,24AAACL0140PDZD,,,,,
758,758,130.pdf,Available,OGSP/79000-08408/HD,,,,274AKCAIB4IRIZS,,,,,24AAACL0140PDZD,,,,,
759,759,130.pdf,Available,OGSP/79000-08408/HD,,,,274AKCAIB4IRIZS,,,,,24AAACL0140PDZD,,,,,
760,760,130.pdf,Available,OGSP/79000-08408/HD,,,,274AKCAIB4IRIZS,,,,,24AAACL0140PDZD,,,,,
761,761,130.pdf,Available,OGSP/79000-08408/HD,,,,274AKCAIB4IRIZS,,,,,24AAACL0140PDZD,,,,,
762,762,130.pdf,Available,OGSP/79000-08408/HD,,,,274AKCAIB4IRIZS,,,,,24AAACL0140PDZD,,,,,
763,763,130.pdf,Available,OGSP/79000-08408/HD,,,,274AKCAIB4IRIZS,,,,,24AAACL0140PDZD,,,,,
764,764,130.pdf,Available,OGSP/79000-08408/HD,,,,274AKCAIB4IRIZS,,,,,24AAACL0140PDZD,,,,,
765,765,130.pdf,Available,OGSP/79000-08408/HD,,,,274AKCAIB4IRIZS,,,,,24AAACL0140PDZD,,,,,
766,766,130.pdf,Available,OGSP/79000-08408/HD,,,,274AKCAIB4IRIZS,,,,,24AAACL0140PDZD,,,,,
767,767,130.pdf,Available,OGSP/79000-08408/HD,,,,274AKCAIB4IRIZS,,,,,24AAACL0140PDZD,,,,,
768,768,130.pdf,Available,OGSP/79000-08408/HD,,,,274AKCAIB4IRIZS,,,,,24AAACL0140PDZD,,,,,
769,769,130.pdf,Available,OGSP/79000-08408/HD,,,,274AKCAIB4IRIZS,,,,,24AAACL0140PDZD,,,,,
770,770,130.pdf,Available,OGSP/79000-08408/HD,,,,274AKCAIB4IRIZS,,,,,24AAACL0140PDZD,,,,,
771,771,130.pdf,Available,OGSP/79000-08408/HD,,,,274AKCAIB4IRIZS,,,,,24AAACL0140PDZD,,,,,
772,772,130.pdf,Available,OGSP/79000-08408/HD,,,,274AKCAIB4IRIZS,,,,,24AAACL0140PDZD,,,,,
773,773,130.pdf,Available,OGSP/79000-08408/HD,,,,274AKCAIB4IRIZS,,,,,24AAACL0140PDZD,,,,,
774,774,130.pdf,Available,OGSP/79000-08408/HD,,,,274AKCAIB4IRIZS,,,,,24AAACL0140PDZD,,,,,
775,775,130.pdf,Available,OGSP/79000-08408/HD,,,,274AKCAIB4IRIZS,,,,,24AAACL0140PDZD,,,,,
776,776,130.pdf,Available,OGSP/79000-08408/HD,,,,274AKCAIB4IRIZS,,,,,24AAACL0140PDZD,,,,,
777,777,130.pdf,Available,OGSP/79000-08408/HD,,,,274AKCAIB4IRIZS,,,,,24AAACL0140PDZD,,,,,
778,778,130.pdf,Available,OGSP/79000-08408/HD,,,,274AKCAIB4IRIZS,,,,,24AAACL0140PDZD,,,,,
779,779,130.pdf,Available,OGSP/79000-08408/HD,,,,274AKCAIB4IRIZS,,,,,24AAACL0140PDZD,,,,,
780,780,130.pdf,Available,OGSP/79000-08408/HD,,,,274AKCAIB4IRIZS,,,,,24AAACL0140PDZD,,,,,
781,781,130.pdf,Available,OGSP/79000-08408/HD,,,,274AKCAIB4IRIZS,,,,,24AAACL0140PDZD,,,,,
782,782,130.pdf,Available,OGSP/79000-08408/HD,,,,274AKCAIB4IRIZS,,,,,24AAACL0140PDZD,,,,,
783,783,130.pdf,Available,OGSP/79000-08408/HD,,,,274AKCAIB4IRIZS,,,,,24AAACL0140PDZD,,,,,
784,784,130.pdf,Available,OGSP/79000-08408/HD,,,,274AKCAIB4IRIZS,,,,,24AAACL0140PDZD,,,,,
785,785,130.pdf,Available,OGSP/79000-08408/HD,,,,274AKCAIB4IRIZS,,,,,24AAACL0140PDZD,,,,,
786,786,130.pdf,Available,OGSP/79000-08408/HD,,,,274AKCAIB4IRIZS,,,,,24AAACL0140PDZD,,,,,
787,787,130.pdf,Available,OGSP/79000-08408/HD,,,,274AKCAIB4IRIZS,,,,,24AAACL0140PDZD,,,,,
788,788,130.pdf,Available,OGSP/79000-08408/HD,,,,274AKCAIB4IRIZS,,,,,24AAACL0140PDZD,,,,,
789,789,130.pdf,Available,OGSP/79000-08408/HD,,,,274AKCAIB4IRIZS,,,,,24AAACL0140PDZD,,,,,
790,790,130.pdf,Available,OGSP/79000-08408/HD,,,,274AKCAIB4IRIZS,,,,,24AAACL0140PDZD,,,,,
791,791,130.pdf,Available,OGSP/79000-08408/HD,,,,274AKCAIB4IRIZS,,,,,24AAACL0140PDZD,,,,,
792,792,130.pdf,Available,OGSP/79000-08408/HD,,,,274AKCAIB4IRIZS,,,,,24AAACL0140PDZD,,,,,
793,793,130.pdf,Available,OGSP/79000-08408/HD,,,,274AKCAIB4IRIZS,,,,,24AAACL0140PDZD,,,,,
794,794,130.pdf,Available,OGSP/79000-08408/HD,,,,274AKCAIB4IRIZS,,,,,24AAACL0140PDZD,,,,,
795,795,130.pdf,Available,OGSP/79000-08408/HD,,,,274AKCAIB4IRIZS,,,,,24AAACL0140PDZD,,,,,
796,796,130.pdf,Available,OGSP/79000-08408/HD,,,,274AKCAIB4IRIZS,,,,,24AAACL0140PDZD,,,,,
797,797,130.pdf,Available,OGSP/79000-08408/HD,,,,274AKCAIB4IRIZS,,,,,24AAACL0140PDZD,,,,,
798,798,130.pdf,Available,OGSP/79000-08408/HD,,,,274AKCAIB4IRIZS,,,,,24AAACL0140PDZD,,,,,
799,799,130.pdf,Available,OGSP/79000-08408/HD,,,,274AKCAIB4IRIZS,,,,,24AAACL0140PDZD,,,,,
800,800,130.pdf,Available,OGSP/79000-08408/HD,,,,274AKCAIB4IRIZS,,,,,24AAACL0140PDZD,,,,,
801,801,130.pdf,Available,OGSP/79000-08408/HD,,,,274AKCAIB4IRIZS,,,,,24AAACL0140PDZD,,,,,
802,802,130.pdf,Available,OGSP/79000-08408/HD,,,,274AKCAIB4IRIZS,,,,,24AAACL0140PDZD,,,,,
803,803,130.pdf,Available,OGSP/79000-08408/HD,,,,274AKCAIB4IRIZS,,,,,24AAACL0140PDZD,,,,,
804,804,130.pdf,Available,OGSP/79000-08408/HD,,,,274AKCAIB4IRIZS,,,,,24AAACL0140PDZD,,,,,
805,805,130.pdf,Available,OGSP/79000-08408/HD,,,,274AKCAIB4IRIZS,,,,,24AAACL0140PDZD,,,,,
806,806,130.pdf,Available,OGSP/79000-08408/HD,,,,274AKCAIB4IRIZS,,,,,24AAACL0140PDZD,,,,,
807,807,130.pdf,Available,OGSP/79000-08408/HD,,,,274AKCAIB4IRIZS,,,,,24AAACL0140PDZD,,,,,
808,808,130.pdf,Available,OGSP/79000-08408/HD,,,,274AKCAIB4IRIZS,,,,,24AAACL0140PDZD,,,,,
809,809,130.pdf,Available,OGSP/79000-08408/HD,,,,274AKCAIB4IRIZS,,,,,24AAACL0140PDZD,,,,,
810,810,130.pdf,Available,OGSP/79000-08408/HD,,,,274AKCAIB4IRIZS,,,,,24AAACL0140PDZD,,,,,
811,811,130.pdf,Available,OGSP/79000-08408/HD,,,,274AKCAIB4IRIZS,,,,,24AAACL0140PDZD,,,,,
812,812,130.pdf,Available,OGSP/79000-08408/HD,,,,274AKCAIB4IRIZS,,,,,24AAACL0140PDZD,,,,,
813,813,130.pdf,Available,OGSP/79000-08408/HD,,,,274AKCAIB4IRIZS,,,,,24AAACL0140PDZD,,,,,
814,814,130.pdf,Available,OGSP/79000-08408/HD,,,,274AKCAIB4IRIZS,,,,,24AAACL0140PDZD,,,,,
815,815,130.pdf,Available,OGSP/79000-08408/HD,,,,274AKCAIB4IRIZS,,,,,24AAACL0140PDZD,,,,,
816,816,130.pdf,Available,OGSP/79000-08408/HD,,,,274AKCAIB4IRIZS,,,,,24AAACL0140PDZD,,,,,
817,817,130.pdf,Available,OGSP/79000-08408/HD,,,,274AKCAIB4IRIZS,,,,,24AAACL0140PDZD,,,,,
818,818,130.pdf,Available,OGSP/79000-08408/HD,,,,274AKCAIB4IRIZS,,,,,24AAACL0140PDZD,,,,,
819,819,130.pdf,Available,OGSP/79000-08408/HD,,,,274AKCAIB4IRIZS,,,,,24AAACL0140PDZD,,,,,
820,820,130.pdf,Available,OGSP/79000-08408/HD,,,,274AKCAIB4IRIZS,,,,,24AAACL0140PDZD,,,,,
821,821,130.pdf,Available,OGSP/79000-08408/HD,,,,274AKCAIB4IRIZS,,,,,24AAACL0140PDZD,,,,,
822,822,130.pdf,Available,OGSP/79000-08408/HD,,,,274AKCAIB4IRIZS,,,,,24AAACL0140PDZD,,,,,
823,823,130.pdf,Available,OGSP/79000-08408/HD,,,,274AKCAIB4IRIZS,,,,,24AAACL0140PDZD,,,,,
824,824,130.pdf,Available,OGSP/79000-08408/HD,,,,274AKCAIB4IRIZS,,,,,24AAACL0140PDZD,,,,,
825,825,130.pdf,Available,OGSP/79000-08408/HD,,,,274AKCAIB4IRIZS,,,,,24AAACL0140PDZD,,,,,
826,826,130.pdf,Available,OGSP/79000-08408/HD,,,,274AKCAIB4IRIZS,,,,,24AAACL0140PDZD,,,,,
827,827,130.pdf,Available,OGSP/79000-08408/HD,,,,274AKCAIB4IRIZS,,,,,24AAACL0140PDZD,,,,,
828,828,130.pdf,Available,OGSP/79000-08408/HD,,,,274AKCAIB4IRIZS,,,,,24AAACL0140PDZD,,,,,
829,829,130.pdf,Available,OGSP/79000-08408/HD,,,,274AKCAIB4IRIZS,,,,,24AAACL0140PDZD,,,,,
830,830,130.pdf,Available,OGSP/79000-08408/HD,,,,274AKCAIB4IRIZS,,,,,24AAACL0140PDZD,,,,,
831,831,130.pdf,Available,OGSP/79000-08408/HD,,,,274AKCAIB4IRIZS,,,,,24AAACL0140PDZD,,,,,
832,832,130.pdf,Available,OGSP/79000-08408/HD,,,,274AKCAIB4IRIZS,,,,,24AAACL0140PDZD,,,,,
833,833,130.pdf,Available,OGSP/79000-08408/HD,,,,274AKCAIB4IRIZS,,,,,24AAACL0140PDZD,,,,,
834,834,130.pdf,Available,OGSP/79000-08408/HD,,,,274AKCAIB4IRIZS,,,,,24AAACL0140PDZD,,,,,
835,835,130.pdf,Available,OGSP/79000-08408/HD,,,,274AKCAIB4IRIZS,,,,,24AAACL0140PDZD,,,,,
836,836,130.pdf,Available,OGSP/79000-08408/HD,,,,274AKCAIB4IRIZS,,,,,24AAACL0140PDZD,,,,,
837,837,130.pdf,Available,OGSP/79000-08408/HD,,,,274AKCAIB4IRIZS,,,,,24AAACL0140PDZD,,,,,
838,838,130.pdf,Available,OGSP/79000-08408/HD,,,,274AKCAIB4IRIZS,,,,,24AAACL0140PDZD,,,,,
839,839,130.pdf,Available,OGSP/79000-08408/HD,,,,274AKCAIB4IRIZS,,,,,24AAACL0140PDZD,,,,,
840,840,130.pdf,Available,OGSP/79000-08408/HD,,,,274AKCAIB4IRIZS,,,,,24AAACL0140PDZD,,,,,
841,841,130.pdf,Available,OGSP/79000-08408/HD,,,,274AKCAIB4IRIZS,,,,,24AAACL0140PDZD,,,,,
842,842,130.pdf,Available,OGSP/79000-08408/HD,,,,274AKCAIB4IRIZS,,,,,24AAACL0140PDZD,,,,,
843,843,130.pdf,Available,OGSP/79000-08408/HD,,,,274AKCAIB4IRIZS,,,,,24AAACL0140PDZD,,,,,
844,844,130.pdf,Available,OGSP/79000-08408/HD,,,,274AKCAIB4IRIZS,,,,,24AAACL0140PDZD,,,,,
845,845,130.pdf,Available,OGSP/79000-08408/HD,,,,274AKCAIB4IRIZS,,,,,24AAACL0140PDZD,,,,,
846,846,130.pdf,Available,OGSP/79000-08408/HD,,,,274AKCAIB4IRIZS,,,,,24AAACL0140PDZD,,,,,
847,847,130.pdf,Available,OGSP/79000-08408/HD,,,,274AKCAIB4IRIZS,,,,,24AAACL0140PDZD,,,,,
848,848,130.pdf,Available,OGSP/79000-08408/HD,,,,274AKCAIB4IRIZS,,,,,24AAACL0140PDZD,,,,,
849,849,130.pdf,Available,OGSP/79000-08408/HD,,,,274AKCAIB4IRIZS,,,,,24AAACL0140PDZD,,,,,
850,850,130.pdf,Available,OGSP/79000-08408/HD,,,,274AKCAIB4IRIZS,,,,,24AAACL0140PDZD,,,,,
851,851,130.pdf,Available,OGSP/79000-08408/HD,,,,274AKCAIB4IRIZS,,,,,24AAACL0140PDZD,,,,,
852,852,130.pdf,Available,OGSP/79000-08408/HD,,,,274AKCAIB4IRIZS,,,,,24AAACL0140PDZD,,,,,
853,853,130.pdf,Available,OGSP/79000-08408/HD,,,,274AKCAIB4IRIZS,,,,,24AAACL0140PDZD,,,,,
854,854,130.pdf,Available,OGSP/79000-08408/HD,,,,274AKCAIB4IRIZS,,,,,24AAACL0140PDZD,,,,,
855,855,130.pdf,Available,OGSP/79000-08408/HD,,,,274AKCAIB4IRIZS,,,,,24AAACL0140PDZD,,,,,
856,856,130.pdf,Available,OGSP/79000-08408/HD,,,,274AKCAIB4IRIZS,,,,,24AAACL0140PDZD,,,,,
857,857,130.pdf,Available,OGSP/79000-08408/HD,,,,274AKCAIB4IRIZS,,,,,24AAACL0140PDZD,,,,,
858,858,130.pdf,Available,OGSP/79000-08408/HD,,,,274AKCAIB4IRIZS,,,,,24AAACL0140PDZD,,,,,
859,859,130.pdf,Available,OGSP/79000-08408/HD,,,,274AKCAIB4IRIZS,,,,,24AAACL0140PDZD,,,,,
860,860,130.pdf,Available,OGSP/79000-08408/HD,,,,274AKCAIB4IRIZS,,,,,24AAACL0140PDZD,,,,,
